Workbook

Sheet Dossards
A1: Dossard | B1: NOM | C1: PRENOM | D1: Sexe | E1: Naiss | F1: Club
A2: 1069 | B2: Abbadi | C2: Neil | D2: M | E2: 42911 | F2: USP | G2: 500
B3: ACQUART | C3: LILIAN | D3: M | E3: 42181 | F3: CAO
A4: 3099 | B4: Acremann | C4: Gabriel | D4: M | E4: 41307 | F4: USP | G4: 574
A5: 3080 | B5: ADOUE | C5: Théo | D5: M | E5: 41973 | F5: VAU | G5: 500
B6: AGUIAR | C6: Nuno | D6: M | E6: 42334 | F6: COU
B7: AKGUL-TERRIER | C7: Evan | D7: M | E7: 42370 | F7: USP
B8: AKGUL-TERRIER | C8: Matéo | D8: M | E8: 42005 | F8: USP
A9: 3041 | B9: ALAUME | C9: LOUISE | D9: F | E9: 41694 | F9: CAO | G9: 500
B10: ALAUZET | C10: LUCA | D10: M | E10: 41586 | F10: TTJ-BUC
A11: 4065 | B11: Alcide | C11: Ethan | D11: M | E11: 41032 | F11: USP | G11: 500
A12: 1070 | B12: ALINE | C12: Calie | D12: F | E12: 43191 | F12: API | G12: 500
A13: 1071 | B13: ALINE | C13: Milan | D13: M | E13: 44075 | F13: API | G13: 500
A14: 3073 | B14: ALVES | C14: Liam | D14: M | E14: 41339 | F14: COU | G14: 500
B15: AMIAUD | C15: Nils | D15: M | E15: 40909 | F15: USP
A16: 1063 | B16: AMMAR KHODJA | C16: Yanis | D16: M | E16: 42765 | F16: COU | G16: 500
A17: 1072 | B17: AMOURETTE | C17: Léo | D17: M | E17: 42775 | F17: API | G17: 500
A18: 3096 | B18: Andrieux | C18: Laora | D18: F | E18: 41620 | F18: USP | G18: 575
A19: 4063 | B19: Andrieux | C19: Leelouane | D19: F | E19: 40917 | F19: USP | G19: 500
A20: 1068 | B20: Andrieux | C20: Timéo | D20: M | E20: 43264 | F20: USP | G20: 508
B21: ANOKHIN | C21: Franck | D21: M | E21: 40909 | F21: USP
B22: ARCHAMBAUD | C22: Laura | D22: F | E22: 38929 | F22: CC2
B23: AREVALO | C23: Mathias | D23: M | E23: 39448 | F23: USP
B24: ARIS | C24: Amayas | D24: M | E24: 42103 | F24: CC2
B25: ARJOUNIN | C25: LIAM | D25: M | E25: 42258 | F25: COU
B26: ARJOUNIN | C26: NOAH | D26: M | E26: 41220 | F26: COU
A27: 2141 | B27: ARMAND | C27: Arthur | D27: M | E27: 42076 | F27: API | G27: 500
B28: ARTUS | C28: Clément | D28: M | E28: 40237 | F28: USP
A29: 2085 | B29: ASLAN | C29: Merwan | D29: M | E29: 42192 | F29: COU | G29: 500
B30: AUBERGER | C30: Julien | D30: M | E30: 39313 | F30: TTJ-BUC
A31: 2012 | B31: Aubert | C31: Lucie | D31: F | E31: 42666 | F31: TTJ-BUC | G31: 500
B32: AUBERT GUENIA | C32: Lucie | D32: F | E32: 42666 | F32: TTJ-BUC
B33: AUBRY | C33: GABRIEL | D33: M | E33: 41940 | F33: CAO
B34: AUDE | C34: Jules | D34: M | E34: 42629 | F34: TTJ-BUC
B35: AUDE | C35: Paul | D35: M | E35: 41744 | F35: TTJ-BUC
A36: 1073 | B36: AUDISIO | C36: Alexandre | D36: M | E36: 43245 | F36: API | G36: 500
A37: 2142 | B37: AUDISIO | C37: Julian | D37: M | E37: 42508 | F37: API | G37: 500
B38: AUGUSTE | C38: David | D38: M | E38: 41275 | F38: USP
B39: AUXOUX | C39: Sacha | D39: M | E39: 40989 | F39: TTJ-BUC
B40: AYADI | C40: Elyes | D40: M | E40: 42005 | F40: USP
A41: 3050 | B41: AYRAULT | C41: Elio | D41: M | E41: 41607 | F41: CC2 | G41: 500
A42: 1028 | B42: AYRAULT | C42: Mathéïs | D42: M | E42: 43182 | F42: CC2 | G42: 500
A43: 3036 | B43: AZAMBOURG | C43: Hadrien | D43: M | E43: 41736 | F43: CC2 | G43: 500
B44: BABAUD | C44: Sévan | D44: M | E44: 41865 | F44: COU
A45: 2043 | B45: BADUEL | C45: Edgar | D45: M | E45: 42411 | F45: CC2 | G45: 500
A46: 2132 | B46: Bajard | C46: Timéo | D46: M | E46: 42334 | F46: USP | G46: 500
B47: BALAGURA | C47: Michel | D47: M | E47: 41640 | F47: USP
A48: 4024 | B48: BALIGAND | C48: CORENTIN | D48: M | E48: 40861 | F48: CAO | G48: 647
B49: BALLEREAU | C49: Alexandre | D49: M | E49: 41255 | F49: API
A50: 2059 | B50: BALOCHE FERNOUX | C50: Liam | D50: M | E50: 42335 | F50: CC2 | G50: 500
A51: 1035 | B51: BAMBA | C51: Mohamed-Adams | D51: M | E51: 43110 | F51: COU | G51: 500
B52: BAMHAMMED | C52: Adil | D52: M | E52: 40544 | F52: USP
A53: 1023 | B53: BANU | C53: Luca | D53: M | E53: 43232 | F53: CC2 | G53: 500
B54: BARBAR | C54: Jeanne | D54: F | E54: 41484 | F54: CC2
A55: 3076 | B55: BARBIER | C55: Gabriel | D55: M | E55: 41304 | F55: CC2 | G55: 500
B56: BARRAUD | C56: Louis | D56: M | E56: 40909 | F56: USP
A57: 2036 | B57: BASSET | C57: THEO | D57: M | E57: 42469 | F57: CAO | G57: 500
B58: BASSIR | C58: Ryan | D58: M | E58: 42005 | F58: USP
A59: 4095 | B59: BAUDOU | C59: Ilyan | D59: M | E59: 40909 | F59: ASM | G59: 500
A60: 2102 | B60: BAUDRY JAMINET | C60: Mattéo | D60: M | E60: 42066 | F60: CC2 | G60: 500
B61: BEAUFILS | C61: Tom | D61: M | E61: 41045 | F61: CC2
A62: 1004 | B62: BEAUJOT | C62: Jean | D62: M | E62: 43818 | F62: CC2 | G62: 500
B63: BEAUMONT | C63: Axel | D63: M | E63: 43101 | F63: USP
B64: BEAUVINEAU | C64: Ethan | D64: M | E64: 40026 | F64: USBY
B65: BECAM | C65: Arthur | D65: M | E65: 39666 | F65: USBY
B66: BECQUEREL | C66: Nathan | D66: M | E66: 39580 | F66: VAU
B67: BEGDOUCHE | C67: Erwan | D67: M | E67: 41684 | F67: CC2
B68: BEGIS | C68: Roméo | D68: M | E68: 40330 | F68: TTJ-BUC
A69: 2143 | B69: BELHOUARI | C69: Sami | D69: M | E69: 42407 | F69: API | G69: 500
B70: BELKHICHANE | C70: Ilian | D70: M | E70: 42580 | F70: TTJ-BUC
B71: BELLAHOUEL | C71: Sophia | D71: F | E71: 41926 | F71: ASV
A72: 2100 | B72: BELLENGER | C72: Nathan | D72: M | E72: 42072 | F72: ASV | G72: 500
B73: BELLIER | C73: Léo | D73: M | E73: 43073 | F73: ASV
B74: BELLIL NASCIET | C74: Nora | D74: F | E74: 41002 | F74: API
A75: 4070 | B75: BELLIL NASCIET | C75: Nora | D75: F | E75: 41002 | F75: API | G75: 500
B76: BEN ABDALLAH | C76: Jude | E76: 43743 | F76: TTJ-BUC
B77: BEN GHORBAL | C77: Mohamed Awess | D77: M | E77: 41693 | F77: API
B78: BENAISSA | C78: Elias | D78: M | E78: 41607 | F78: CC2
A79: 2113 | B79: BENAZERAF | C79: Ely | D79: M | E79: 42617 | F79: VAU | G79: 500
B80: BENFDILA | C80: Amir | D80: M | E80: 41739 | F80: API
A81: 1050 | B81: BENHAMOU | C81: Ilan | D81: M | E81: 42883 | F81: ASV | G81: 500
A82: 2178 | B82: benjamin marcoussis | C82: ?? | D82: M | E82: 42370 | F82: ASM | G82: 500
B83: BENOIT | C83: VALENTIN | D83: M | E83: 41747 | F83: CAO
A84: 2144 | B84: BENTEGHEROUIT | C84: Adam | D84: M | E84: 42326 | F84: API | G84: 500
A85: 4051 | B85: BERENBACH | C85: Fabian | D85: M | E85: 41267 | F85: VAU | G85: 500
A86: 4015 | B86: BEREZIAT | C86: Zachary | D86: M | E86: 41009 | F86: USBY | G86: 517
A87: 2047 | B87: BERNARD AUBIN | C87: Côme | D87: M | E87: 42393 | F87: CC2 | G87: 500
B88: BERNUCHON | C88: Nathan | D88: M | E88: 41562 | F88: ASM
B89: BERTAUX | C89: Tom | D89: M | E89: 41863 | F89: COU
A90: 3019 | B90: BERTAUX | C90: Tom | D90: M | E90: 41863 | F90: COU | G90: 500
B91: BERTON MACIA | C91: Gabriel | D91: M | E91: 42653 | F91: ASV
A92: 1009 | B92: BESSON DRUI | C92: Basile | D92: M | E92: 43527 | F92: CC2 | G92: 500
A93: 1000 | B93: BESSON DRUI | C93: Salomé | D93: F | E93: 44506 | F93: CC2 | G93: 500
B94: BETORED | C94: Maxim | D94: M | E94: 41547 | F94: ASV
A95: 1013 | B95: BEUVELET | C95: BENJAMIN | D95: M | E95: 43410 | F95: CAO | G95: 500
B96: BEYER | C96: Clothilde | D96: F | E96: 42119 | F96: CC2
B97: BHATTI | C97: Issa | D97: M | E97: 41783 | F97: USP
A98: 3090 | B98: Bhatti | C98: Issa | D98: M | E98: 41783 | F98: USP | G98: 500
B99: BHATTI | C99: Moussa | D99: M | E99: 41118 | F99: USP
A100: 4066 | B100: Bhatti | C100: Moussa | D100: M | E100: 41118 | F100: USP | G100: 500
...

Sheet Poussins
B1: TOURNOI DE LA VALLEE DE CHEVREUSE 2025-2026
B3: POUSSINS (-9)
C4: pour differencier vos joueurs | H4: Tour 1 | J4: Tour 2 | L4: Tour 3 | N4: Tour 4
C5: entrer votre code club : | E5: Tous | H5: 45991 | J5: 46040 | L5: 46103 | N5: 46180
A7: Dossard | B7: NOM | C7: PRENOM | D7: Sexe | E7: Naiss | F7: Club | G7: Class. | H7: Pr. T1 | I7: Points T1 | J7: Pr. T2 | K7: Points T2 | L7: Pr. T3 | M7: Points T3 | N7: Pr. T4 | O7: Points T4 | P7: TOTAL
A8: 1070 | B8: ALINE | C8: Calie | D8: F | E8: 43191 | F8: API | G8: 500 | P8: =SUM(I8:O8) -> 0
A9: 1071 | B9: ALINE | C9: Milan | D9: M | E9: 44075 | F9: API | G9: 500 | P9: =SUM(I9:O9) -> 0
A10: 1072 | B10: AMOURETTE | C10: Léo | D10: M | E10: 42775 | F10: API | G10: 500 | H10: x | I10: 1 | J10: x | P10: =SUM(I10:O10) -> 1
A11: 1073 | B11: AUDISIO | C11: Alexandre | D11: M | E11: 43245 | F11: API | G11: 500 | H11: x | I11: 6 | J11: x | P11: =SUM(I11:O11) -> 6
A12: 1074 | B12: CELMA CHAPOT | C12: Nattan | D12: M | E12: 43176 | F12: API | G12: 500 | H12: x | I12: 2 | J12: x | P12: =SUM(I12:O12) -> 2
A13: 1075 | B13: DELETRE | C13: Nessia | D13: F | E13: 42845 | F13: API | G13: 500 | P13: =SUM(I13:O13) -> 0
A14: 1076 | B14: EHLINGER | C14: Samuel | D14: M | E14: 44000 | F14: API | G14: 500 | P14: =SUM(I14:O14) -> 0
A15: 1077 | B15: FABRY | C15: Julian | D15: M | E15: 42997 | F15: API | G15: 500 | P15: =SUM(I15:O15) -> 0
A16: 1078 | B16: FRONTERA | C16: Enzo | D16: M | E16: 42927 | F16: API | G16: 501 | H16: x | I16: 7 | J16: x | P16: =SUM(I16:O16) -> 7
A17: 1079 | B17: GARIN | C17: Valentin | D17: M | E17: 43047 | F17: API | G17: 501 | H17: x | I17: 6 | J17: x | P17: =SUM(I17:O17) -> 6
A18: 1080 | B18: LAVILLE SANGRADO | C18: Ethan | D18: M | E18: 43110 | F18: API | G18: 500 | P18: =SUM(I18:O18) -> 0
A19: 1081 | B19: LEBAS | C19: Lucie | D19: F | E19: 43081 | F19: API | G19: 500 | P19: =SUM(I19:O19) -> 0
A20: 1082 | B20: MOISSANT MAUDUIT | C20: Noah | D20: M | E20: 43882 | F20: API | G20: 500 | P20: =SUM(I20:O20) -> 0
A21: 1083 | B21: NOUR LOUIS | C21: Lucas | D21: M | E21: 42961 | F21: API | G21: 500 | H21: x | I21: 6 | J21: x | P21: =SUM(I21:O21) -> 6
A22: 1084 | B22: ROUE | C22: Charles | D22: M | E22: 43371 | F22: API | G22: 500 | P22: =SUM(I22:O22) -> 0
A23: 1085 | B23: SCHMITT | C23: Loan | D23: M | E23: 43268 | F23: API | G23: 500 | P23: =SUM(I23:O23) -> 0
A24: 1086 | B24: SISMEIRO | C24: Lucas | D24: M | E24: 42820 | F24: API | G24: 501 | H24: x | I24: 8 | J24: x | P24: =SUM(I24:O24) -> 8
A25: 1087 | B25: SURMON | C25: Charlie | D25: M | E25: 43406 | F25: API | G25: 500 | H25: x | I25: 6 | J25: x | P25: =SUM(I25:O25) -> 6
A26: 1088 | B26: THIERY | C26: Clément | D26: M | E26: 43180 | F26: API | G26: 500 | H26: x | I26: 4 | J26: x | P26: =SUM(I26:O26) -> 4
A27: 1050 | B27: BENHAMOU | C27: Ilan | D27: M | E27: 42883 | F27: ASV | G27: 500 | P27: =SUM(I27:O27) -> 0
A28: 1018 | B28: DELAYE MOCQUARD | C28: Evangeline | D28: F | E28: 43293 | F28: ASV | G28: 500 | H28: x | I28: 3 | J28: x | P28: =SUM(I28:O28) -> 3
A29: 1019 | B29: DELAYE MOCQUARD | C29: Joscelin | D29: M | E29: 43293 | F29: ASV | G29: 500 | H29: x | I29: 1 | J29: x | P29: =SUM(I29:O29) -> 1
A30: 1043 | B30: EHONGO | C30: Lorenzo | D30: M | E30: 43035 | F30: ASV | G30: 500 | P30: =SUM(I30:O30) -> 0
A31: 1030 | B31: FALINOWER | C31: Saël | D31: M | E31: 43154 | F31: ASV | G31: 500 | H31: x | I31: 6 | J31: x | P31: =SUM(I31:O31) -> 6
A32: 1012 | B32: PEREIRA | C32: Léandre | D32: M | E32: 43425 | F32: ASV | G32: 500 | P32: =SUM(I32:O32) -> 0
A33: 1060 | B33: RASKIN | C33: Sohan | D33: M | E33: 42802 | F33: ASV | G33: 500 | H33: x | I33: 6 | J33: x | P33: =SUM(I33:O33) -> 6
A34: 1020 | B34: VIDAL | C34: Nathan | D34: M | E34: 43290 | F34: ASV | G34: 500 | P34: =SUM(I34:O34) -> 0
A35: 1013 | B35: BEUVELET | C35: BENJAMIN | D35: M | E35: 43410 | F35: CAO | G35: 500 | P35: =SUM(I35:O35) -> 0
A36: 1057 | B36: GRANDIDIER | C36: VICTOR | D36: M | E36: 42825 | F36: CAO | G36: 503 | H36: x | I36: 9 | J36: x | P36: =SUM(I36:O36) -> 9
A37: 1058 | B37: LANDRAGIN | C37: AMELIE | D37: F | E37: 42820 | F37: CAO | G37: 500 | P37: =SUM(I37:O37) -> 0
A38: 1011 | B38: LOPEZ VARGAS | C38: BRUNO | D38: M | E38: 43438 | F38: CAO | G38: 500 | P38: =SUM(I38:O38) -> 0
A39: 1021 | B39: NGUYEN | C39: JULIEN | D39: M | E39: 43236 | F39: CAO | G39: 500 | P39: =SUM(I39:O39) -> 0
A40: 1024 | B40: YVART | C40: CONSTANT | D40: M | E40: 43231 | F40: CAO | G40: 500 | P40: =SUM(I40:O40) -> 0
A41: 1028 | B41: AYRAULT | C41: Mathéïs | D41: M | E41: 43182 | F41: CC2 | G41: 500 | H41: x | I41: 2 | J41: x | P41: =SUM(I41:O41) -> 2
A42: 1023 | B42: BANU | C42: Luca | D42: M | E42: 43232 | F42: CC2 | G42: 500 | P42: =SUM(I42:O42) -> 0
A43: 1004 | B43: BEAUJOT | C43: Jean | D43: M | E43: 43818 | F43: CC2 | G43: 500 | H43: x | I43: 1 | J43: x | P43: =SUM(I43:O43) -> 1
A44: 1009 | B44: BESSON DRUI | C44: Basile | D44: M | E44: 43527 | F44: CC2 | G44: 500 | P44: =SUM(I44:O44) -> 0
A45: 1000 | B45: BESSON DRUI | C45: Salomé | D45: F | E45: 44506 | F45: CC2 | G45: 500 | P45: =SUM(I45:O45) -> 0
A46: 1046 | B46: BRAHMI | C46: Aghilas | D46: M | E46: 42983 | F46: CC2 | G46: 500 | P46: =SUM(I46:O46) -> 0
A47: 1040 | B47: CAHNE HADJAF | C47: Axel | D47: M | E47: 43055 | F47: CC2 | G47: 500 | P47: =SUM(I47:O47) -> 0
A48: 1064 | B48: CHARLES | C48: Dorian | D48: M | E48: 42760 | F48: CC2 | G48: 500 | P48: =SUM(I48:O48) -> 0
A49: 1016 | B49: DALLONI NIVET | C49: Tibo | D49: M | E49: 43386 | F49: CC2 | G49: 500 | P49: =SUM(I49:O49) -> 0
A50: 1034 | B50: DELORME AMARAL | C50: Eliott | D50: M | E50: 43113 | F50: CC2 | G50: 500 | P50: =SUM(I50:O50) -> 0
A51: 1065 | B51: DIDELOT | C51: Gabin | D51: M | E51: 42752 | F51: CC2 | G51: 500 | P51: =SUM(I51:O51) -> 0
A52: 1061 | B52: DUSSAUX COLLO | C52: Raphaëlle | D52: M | E52: 42788 | F52: CC2 | G52: 500 | P52: =SUM(I52:O52) -> 0
A53: 1006 | B53: GROSJEAN | C53: Jade | D53: F | E53: 43694 | F53: CC2 | G53: 500 | P53: =SUM(I53:O53) -> 0
A54: 1007 | B54: HABERT | C54: Théo | D54: M | E54: 43686 | F54: CC2 | G54: 500 | P54: =SUM(I54:O54) -> 0
A55: 1010 | B55: HAMIDOUCHE | C55: Adam | D55: M | E55: 43506 | F55: CC2 | G55: 500 | P55: =SUM(I55:O55) -> 0
... A64: 1025 | B64: ZHAO | C64: Mia | D64: F | E64: 43226 | F64: CC2 | G64: 500 | P64: =SUM(I64:O64) -> 0
A65: 1054 | B65: CUNHA | C65: Mateo | D65: M | E65: 42829 | F65: COS | G65: 500 | P65: =SUM(I65:O65) -> 0
A66: 1045 | B66: REKIK | C66: Isaac | D66: M | E66: 43031 | F66: COS | G66: 500 | H66: x | I66: 1 | J66: x | P66: =SUM(I66:O66) -> 1
A67: 1063 | B67: AMMAR KHODJA | C67: Yanis | D67: M | E67: 42765 | F67: COU | G67: 500 | H67: x | I67: 2 | J67: x | P67: =SUM(I67:O67) -> 2
A68: 1035 | B68: BAMBA | C68: Mohamed-Adams | D68: M | E68: 43110 | F68: COU | G68: 500 | H68: x | I68: 1 | J68: x | P68: =SUM(I68:O68) -> 1
A69: 1062 | B69: DEBSKI | C69: Raphaël | D69: M | E69: 42785 | F69: COU | G69: 500 | H69: x | I69: 6 | J69: x | P69: =SUM(I69:O69) -> 6
A70: 1014 | B70: PAEZ | C70: Elena | D70: F | E70: 43409 | F70: COU | G70: 500 | P70: =SUM(I70:O70) -> 0
A71: 1037 | B71: PITON | C71: Maxime | D71: M | E71: 43090 | F71: COU | G71: 500 | P71: =SUM(I71:O71) -> 0
A72: 1039 | B72: SORTAIS | C72: Marius | D72: M | E72: 43081 | F72: COU | G72: 500 | H72: x | I72: 1 | J72: x | P72: =SUM(I72:O72) -> 1
A73: 1059 | B73: TOUJANI | C73: Adel | D73: M | E73: 42816 | F73: COU | G73: 500 | H73: x | I73: 7 | J73: x | P73: =SUM(I73:O73) -> 7
A74: 1033 | B74: WAQAQ | C74: Ayesha | D74: F | E74: 43120 | F74: COU | G74: 500 | P74: =SUM(I74:O74) -> 0
A75: 1027 | B75: Carpentier | C75: Mathis | D75: M | E75: 43192 | F75: TTJ-BUC | G75: 500 | P75: =SUM(I75:O75) -> 0
A76: 1053 | B76: Chauvin | C76: Marceau | D76: M | E76: 42876 | F76: TTJ-BUC | G76: 500 | P76: =SUM(I76:O76) -> 0
A77: 1048 | B77: Curti | C77: Côme | D77: M | E77: 42928 | F77: TTJ-BUC | G77: 500 | P77: =SUM(I77:O77) -> 0
A78: 1015 | B78: DUBOIS | C78: Timoé | D78: M | E78: 43390 | F78: TTJ-BUC | G78: 500 | P78: =SUM(I78:O78) -> 0
A79: 1022 | B79: Gaillot | C79: Eliott | D79: M | E79: 43233 | F79: TTJ-BUC | G79: 500 | P79: =SUM(I79:O79) -> 0
A80: 1032 | B80: Jourdan | C80: Amandine | D80: F | E80: 43121 | F80: TTJ-BUC | G80: 500 | P80: =SUM(I80:O80) -> 0
A81: 1044 | B81: KOHUT | C81: Marius | D81: M | E81: 43033 | F81: TTJ-BUC | G81: 500 | P81: =SUM(I81:O81) -> 0
A82: 1049 | B82: Laugier | C82: Noé | D82: M | E82: 42892 | F82: TTJ-BUC | G82: 500 | P82: =SUM(I82:O82) -> 0
A83: 1029 | B83: Lefevre | C83: Leen | D83: F | E83: 43181 | F83: TTJ-BUC | G83: 500 | H83: x | I83: 7 | J83: x | P83: =SUM(I83:O83) -> 7
A84: 1017 | B84: LEPEU | C84: Nathanaël | D84: M | E84: 43297 | F84: TTJ-BUC | G84: 500 | P84: =SUM(I84:O84) -> 0
A85: 1047 | B85: Marcel | C85: Lucas | D85: M | E85: 42974 | F85: TTJ-BUC | G85: 500 | P85: =SUM(I85:O85) -> 0
A86: 1051 | B86: Morin | C86: Gauthier | D86: M | E86: 42878 | F86: TTJ-BUC | G86: 500 | P86: =SUM(I86:O86) -> 0
A87: 1005 | B87: Paret | C87: Sophie | D87: F | E87: 43818 | F87: TTJ-BUC | G87: 500 | P87: =SUM(I87:O87) -> 0
A88: 1031 | B88: Perraudin | C88: Oscar | D88: M | E88: 43151 | F88: TTJ-BUC | G88: 500 | H88: x | I88: 7 | J88: x | P88: =SUM(I88:O88) -> 7
A89: 1052 | B89: Rigaud | C89: Eva | D89: F | E89: 42878 | F89: TTJ-BUC | G89: 500 | P89: =SUM(I89:O89) -> 0
A90: 1042 | B90: SOLER | C90: Alexis | D90: M | E90: 43037 | F90: TTJ-BUC | G90: 500 | H90: x | I90: 11 | J90: x | P90: =SUM(I90:O90) -> 11
A91: 1036 | B91: DRAME | C91: Moussa | D91: M | E91: 43092 | F91: USBY | G91: 500 | H91: x | I91: 3 | J91: x | P91: =SUM(I91:O91) -> 3
A92: 1038 | B92: LAMPE | C92: Iris | D92: F | E92: 43086 | F92: USBY | G92: 500 | H92: x | I92: 2 | J92: x | P92: =SUM(I92:O92) -> 2
A93: 1069 | B93: Abbadi | C93: Neil | D93: M | E93: 42911 | F93: USP | G93: 500 | H93: x | I93: 6 | J93: x | P93: =SUM(I93:O93) -> 6
A94: 1068 | B94: Andrieux | C94: Timéo | D94: M | E94: 43264 | F94: USP | G94: 508 | H94: x | I94: 8 | J94: x | P94: =SUM(I94:O94) -> 8
A95: 1066 | B95: LOUIS | C95: Ruben | D95: M | E95: 43218 | F95: VAU | G95: 500 | P95: =SUM(I95:O95) -> 0
A96: 1067 | B96: RIEL LEGROS | C96: Letty | D96: F | E96: 43332 | F96: VAU | G96: 500 | P96: =SUM(I96:O96) -> 0
A97: 1089 | B97: BERBONDE | C97: Alexandre | D97: M | E97: 42968 | F97: USP | G97: 500 | H97: x | I97: 6 | J97: x | P97: =SUM(I97:O97) -> 6
P98: =SUM(I98:O98) -> 0
P99: =SUM(I99:O99) -> 0
P100: =SUM(I100:O100) -> 0
P101: =SUM(I101:O101) -> 0
P102: =SUM(I102:O102) -> 0
P103: =SUM(I103:O103) -> 0
P104: =SUM(I104:O104) -> 0
P105: =SUM(I105:O105) -> 0
P106: =SUM(I106:O106) -> 0
P107: =SUM(I107:O107) -> 0
P108: =SUM(I108:O108) -> 0
P109: =SUM(I109:O109) -> 0
... P153: =SUM(I153:O153) -> 0
...

Sheet Benjamins
B1: =Poussins!B1 -> TOURNOI DE LA VALLEE DE CHEVREUSE 2025-2026
B3: BENJAMINS (-11)
C4: pour differencier vos joueurs | H4: Tour 1 | J4: Tour 2 | L4: Tour 3 | N4: Tour 4
C5: entrer votre code club : | E5: Tous | H5: =Poussins!H5 -> 45991 | J5: =Poussins!J5 -> 46040 | L5: =Poussins!L5 -> 46103 | N5: =Poussins!N5 -> 46180
A7: Dossard | B7: NOM | C7: PRENOM | D7: Sexe | E7: Naiss | F7: Club | G7: Class. | H7: Pr. T1 | I7: Points T1 | J7: Pr. T2 | K7: Points T2 | L7: Pr. T3 | M7: Points T3 | N7: Pr. T4 | O7: Points T4 | P7: TOTAL
A8: 2141 | B8: ARMAND | C8: Arthur | D8: M | E8: 42076 | F8: API | G8: 500 | P8: =SUM(I8:O8) -> 0
A9: 2142 | B9: AUDISIO | C9: Julian | D9: M | E9: 42508 | F9: API | G9: 500 | H9: X | I9: 9 | J9: X | P9: =SUM(I9:O9) -> 9
A10: 2143 | B10: BELHOUARI | C10: Sami | D10: M | E10: 42407 | F10: API | G10: 500 | H10: X | I10: 8 | J10: X | P10: =SUM(I10:O10) -> 8
A11: 2144 | B11: BENTEGHEROUIT | C11: Adam | D11: M | E11: 42326 | F11: API | G11: 500 | P11: =SUM(I11:O11) -> 0
A12: 2145 | B12: BRAULT | C12: Auxane | D12: F | E12: 42096 | F12: API | G12: 500 | P12: =SUM(I12:O12) -> 0
A13: 2146 | B13: BUGUET | C13: Adryan | D13: M | E13: 42265 | F13: API | G13: 500 | P13: =SUM(I13:O13) -> 0
A14: 2147 | B14: CARDON | C14: Antoine | D14: M | E14: 42014 | F14: API | G14: 500 | H14: X | I14: 10 | J14: X | P14: =SUM(I14:O14) -> 10
A15: 2148 | B15: CORTES | C15: Rafael | D15: M | E15: 42637 | F15: API | G15: 500 | H15: X | I15: 8 | J15: X | P15: =SUM(I15:O15) -> 8
A16: 2149 | B16: COUFFIGNAL | C16: Romain | D16: M | E16: 42130 | F16: API | G16: 500 | P16: =SUM(I16:O16) -> 0
A17: 2150 | B17: COURBIN | C17: Armand | D17: M | E17: 42390 | F17: API | G17: 500 | H17: X | I17: 8 | J17: X | P17: =SUM(I17:O17) -> 8
A18: 2151 | B18: DEJONC | C18: Adam | D18: M | E18: 42419 | F18: API | G18: 500 | H18: X | I18: 8 | J18: X | P18: =SUM(I18:O18) -> 8
A19: 2152 | B19: DELTHEIL | C19: Gauvin | D19: M | E19: 42178 | F19: API | G19: 500 | H19: X | I19: 4 | J19: X | P19: =SUM(I19:O19) -> 4
A20: 2153 | B20: DELTHEIL | C20: Ombeline | D20: F | E20: 42185 | F20: API | G20: 500 | H20: X | I20: 1 | J20: X | P20: =SUM(I20:O20) -> 1
A21: 2154 | B21: DOKHAN | C21: Samuel | D21: M | E21: 42600 | F21: API | G21: 500 | P21: =SUM(I21:O21) -> 0
A22: 2156 | B22: DOUBLET DECABRAS | C22: Antoine | D22: M | E22: 42669 | F22: API | G22: 500 | H22: X | I22: 3 | J22: X | P22: =SUM(I22:O22) -> 3
A23: 2155 | B23: DOUBLET DECABRAS | C23: Pierre | D23: M | E23: 42669 | F23: API | G23: 500 | H23: X | I23: 8 | J23: X | P23: =SUM(I23:O23) -> 8
A24: 2157 | B24: DUVAL | C24: Alessio | D24: M | E24: 42483 | F24: API | G24: 500 | H24: X | I24: 3 | J24: X | P24: =SUM(I24:O24) -> 3
A25: 2158 | B25: FELLOUS | C25: Jonah | D25: M | E25: 42066 | F25: API | G25: 500 | P25: =SUM(I25:O25) -> 0
A26: 2159 | B26: FLAMENT | C26: Corentin | D26: M | E26: 42484 | F26: API | G26: 500 | H26: X | I26: 3 | J26: X | P26: =SUM(I26:O26) -> 3
A27: 2160 | B27: FRANCOIS | C27: Arthur | D27: M | E27: 42055 | F27: API | G27: 500 | H27: X | I27: 9 | J27: X | P27: =SUM(I27:O27) -> 9
A28: 2161 | B28: GENDRON CARALP | C28: Léo | D28: M | E28: 42574 | F28: API | G28: 500 | H28: X | I28: 8 | J28: X | P28: =SUM(I28:O28) -> 8
A29: 2162 | B29: JACOBERGER | C29: Ethan | D29: M | E29: 42066 | F29: API | G29: 500 | H29: X | I29: 9 | J29: X | P29: =SUM(I29:O29) -> 9
A30: 2163 | B30: LACROIX MARTIN | C30: Adam | D30: M | E30: 42088 | F30: API | G30: 500 | H30: X | I30: 9 | J30: X | P30: =SUM(I30:O30) -> 9
A31: 2164 | B31: LE BELLEC | C31: Martin | D31: M | E31: 42281 | F31: API | G31: 500 | P31: =SUM(I31:O31) -> 0
A32: 2165 | B32: LEBERT | C32: Arthur | D32: M | E32: 42526 | F32: API | G32: 501 | H32: x | I32: 11 | J32: x | P32: =SUM(I32:O32) -> 11
A33: 2166 | B33: LEBERT | C33: Raphael | D33: M | E33: 42526 | F33: API | G33: 548 | H33: x | I33: 15 | J33: x | P33: =SUM(I33:O33) -> 15
A34: 2167 | B34: LEONARD | C34: Paul | D34: M | E34: 42158 | F34: API | G34: 500 | P34: =SUM(I34:O34) -> 0
A35: 2168 | B35: MAILLAUD | C35: Merlin | D35: M | E35: 42449 | F35: API | G35: 500 | H35: X | I35: 11 | J35: X | P35: =SUM(I35:O35) -> 11
A36: 2169 | B36: MORIN SUISSE | C36: George | D36: M | E36: 42268 | F36: API | G36: 500 | H36: X | I36: 2 | J36: X | P36: =SUM(I36:O36) -> 2
A37: 2170 | B37: MZIOU | C37: Skander | D37: M | E37: 42583 | F37: API | G37: 500 | H37: X | I37: 2 | J37: X | P37: =SUM(I37:O37) -> 2
A38: 2171 | B38: N'SONGAN | C38: Lya | D38: F | E38: 42697 | F38: API | G38: 500 | P38: =SUM(I38:O38) -> 0
A39: 2172 | B39: REFAIT | C39: Lucas | D39: M | E39: 42256 | F39: API | G39: 500 | P39: =SUM(I39:O39) -> 0
A40: 2173 | B40: RENAUX | C40: Alix | D40: M | E40: 42087 | F40: API | G40: 500 | H40: x | I40: 1 | J40: x | P40: =SUM(I40:O40) -> 1
A41: 2174 | B41: ROSSI JURBERT | C41: Noelie | D41: F | E41: 42288 | F41: API | G41: 500 | H41: X | I41: 10 | J41: X | P41: =SUM(I41:O41) -> 10
A42: 2175 | B42: SUZANO | C42: Maxime | D42: M | E42: 42408 | F42: API | G42: 500 | P42: =SUM(I42:O42) -> 0
A43: 2176 | B43: TRAVERS | C43: Jules | D43: M | E43: 42502 | F43: API | G43: 500 | P43: =SUM(I43:O43) -> 0
A44: 2177 | B44: ZENIA | C44: Karen | D44: F | E44: 42406 | F44: API | G44: 500 | P44: =SUM(I44:O44) -> 0
A45: 2178 | B45: benjamin marcoussis | C45: ?? | D45: M | E45: 42370 | F45: ASM | G45: 500 | P45: =SUM(I45:O45) -> 0
A46: 2100 | B46: BELLENGER | C46: Nathan | D46: M | E46: 42072 | F46: ASV | G46: 500 | P46: =SUM(I46:O46) -> 0
A47: 2021 | B47: BRUNEL | C47: Andréa | D47: M | E47: 42594 | F47: ASV | G47: 500 | P47: =SUM(I47:O47) -> 0
A48: 2084 | B48: DE OLIVEIRA | C48: Lucas | D48: M | E48: 42193 | F48: ASV | G48: 500 | P48: =SUM(I48:O48) -> 0
A49: 2079 | B49: KHALIL | C49: Antoine | D49: M | E49: 42221 | F49: ASV | G49: 500 | P49: =SUM(I49:O49) -> 0
A50: 2080 | B50: MANSBENDEL | C50: Jordan | D50: M | E50: 42220 | F50: ASV | G50: 500 | H50: X | I50: 3 | J50: X | P50: =SUM(I50:O50) -> 3
A51: 2066 | B51: MARLIER | C51: Mathis | D51: M | E51: 42283 | F51: ASV | G51: 500 | P51: =SUM(I51:O51) -> 0
A52: 2107 | B52: MIKART | C52: Swann | D52: M | E52: 42044 | F52: ASV | G52: 500 | P52: =SUM(I52:O52) -> 0
A53: 2098 | B53: NOURY | C53: Maxence | D53: M | E53: 42095 | F53: ASV | G53: 500 | P53: =SUM(I53:O53) -> 0
A54: 2073 | B54: PLUMAIL | C54: Maxence | D54: M | E54: 42249 | F54: ASV | G54: 500 | P54: =SUM(I54:O54) -> 0
A55: 2046 | B55: PRIARONE | C55: Alexandre | D55: M | E55: 42399 | F55: ASV | G55: 500 | H55: X | I55: 3 | J55: X | P55: =SUM(I55:O55) -> 3
A56: 2041 | B56: RAMALHO COIMBRA | C56: Valentin | D56: M | E56: 42444 | F56: ASV | G56: 500 | H56: X | I56: 2 | J56: X | P56: =SUM(I56:O56) -> 2
A57: 2083 | B57: RASKIN | C57: Rayan | D57: M | E57: 42205 | F57: ASV | G57: 500 | H57: X | I57: 10 | J57: X | P57: =SUM(I57:O57) -> 10
A58: 2062 | B58: RIOU BONTE | C58: Isayah | D58: M | E58: 42306 | F58: ASV | G58: 500 | H58: X | I58: 11 | J58: X | P58: =SUM(I58:O58) -> 11
A59: 2014 | B59: SAMOCKI | C59: Eden | D59: M | E59: 42660 | F59: ASV | G59: 500 | P59: =SUM(I59:O59) -> 0
A60: 2029 | B60: TOUSSAINT | C60: Gabriel | D60: M | E60: 42536 | F60: ASV | G60: 500 | P60: =SUM(I60:O60) -> 0
A61: 2036 | B61: BASSET | C61: THEO | D61: M | E61: 42469 | F61: CAO | G61: 500 | H61: X | I61: 4 | J61: X | P61: =SUM(I61:O61) -> 4
A62: 2038 | B62: BOULLEE | C62: BAPTISTE | D62: M | E62: 42457 | F62: CAO | G62: 500 | P62: =SUM(I62:O62) -> 0
A63: 2026 | B63: CAILLERIE | C63: ANTOINE | D63: M | E63: 42555 | F63: CAO | G63: 500 | P63: =SUM(I63:O63) -> 0
A64: 2101 | B64: FOURMY | C64: ALIX | D64: F | E64: 42069 | F64: CAO | G64: 500 | P64: =SUM(I64:O64) -> 0
A65: 2025 | B65: LARONZE | C65: KALISTO | D65: M | E65: 42558 | F65: CAO | G65: 500 | P65: =SUM(I65:O65) -> 0
A66: 2060 | B66: LEROY | C66: VADIM | D66: M | E66: 42323 | F66: CAO | G66: 500 | P66: =SUM(I66:O66) -> 0
A67: 2048 | B67: MAJEED | C67: NAEL | D67: M | E67: 42388 | F67: CAO | G67: 500 | H67: X | I67: 2 | J67: X | P67: =SUM(I67:O67) -> 2
A68: 2099 | B68: NGUYEN | C68: MICHEL | D68: M | E68: 42090 | F68: CAO | G68: 500 | P68: =SUM(I68:O68) -> 0
A69: 2028 | B69: NGUYEN | C69: NOLAN | D69: M | E69: 42538 | F69: CAO | G69: 511 | H69: X | I69: 4 | J69: X | P69: =SUM(I69:O69) -> 4
A70: 2002 | B70: QU | C70: TIMEO | D70: M | E70: 42720 | F70: CAO | G70: 500 | P70: =SUM(I70:O70) -> 0
A71: 2045 | B71: RODOLFO | C71: GABRIEL | D71: M | E71: 42408 | F71: CAO | G71: 500 | P71: =SUM(I71:O71) -> 0
A72: 2094 | B72: ROUGEMAIILE | C72: ETHAN | D72: M | E72: 42118 | F72: CAO | G72: 500 | H72: X | I72: 9 | J72: X | P72: =SUM(I72:O72) -> 9
A73: 2108 | B73: WEINNAM | C73: LOAN | D73: M | E73: 42040 | F73: CAO | G73: 500 | H73: X | I73: 5 | J73: X | P73: =SUM(I73:O73) -> 5
A74: 2043 | B74: BADUEL | C74: Edgar | D74: M | E74: 42411 | F74: CC2 | G74: 500 | H74: X | I74: 8 | J74: X | P74: =SUM(I74:O74) -> 8
A75: 2059 | B75: BALOCHE FERNOUX | C75: Liam | D75: M | E75: 42335 | F75: CC2 | G75: 500 | P75: =SUM(I75:O75) -> 0
A76: 2102 | B76: BAUDRY JAMINET | C76: Mattéo | D76: M | E76: 42066 | F76: CC2 | G76: 500 | H76: X | I76: 2 | J76: X | P76: =SUM(I76:O76) -> 2
A77: 2047 | B77: BERNARD AUBIN | C77: Côme | D77: M | E77: 42393 | F77: CC2 | G77: 500 | P77: =SUM(I77:O77) -> 0
A78: 2006 | B78: BOUDGUIGA | C78: Amine | D78: M | E78: 42692 | F78: CC2 | G78: 500 | P78: =SUM(I78:O78) -> 0
A79: 2105 | B79: CARRE | C79: Enoah | D79: M | E79: 42059 | F79: CC2 | G79: 500 | P79: =SUM(I79:O79) -> 0
A80: 2049 | B80: CHOURAQUI | C80: Benjamin | D80: M | E80: 42384 | F80: CC2 | G80: 500 | P80: =SUM(I80:O80) -> 0
A81: 2109 | B81: DELAMARRE CERQUEIRA | C81: Valentin | D81: M | E81: 42031 | F81: CC2 | G81: 500 | H81: X | I81: 1 | J81: X | P81: =SUM(I81:O81) -> 1
A82: 2112 | B82: DESRETTES | C82: Gabin | D82: M | E82: 42010 | F82: CC2 | G82: 500 | H82: X | I82: 12 | J82: X | P82: =SUM(I82:O82) -> 12
A83: 2033 | B83: DOS SANTOS LEMOS | C83: Lucas | D83: M | E83: 42492 | F83: CC2 | G83: 500 | P83: =SUM(I83:O83) -> 0
A84: 2022 | B84: DURAND | C84: Mathis | D84: M | E84: 42570 | F84: CC2 | G84: 500 | P84: =SUM(I84:O84) -> 0
A85: 2035 | B85: FREGEFON | C85: Hélios | D85: M | E85: 42474 | F85: CC2 | G85: 519 | P85: =SUM(I85:O85) -> 0
A86: 2096 | B86: GARCIA | C86: Clément | D86: M | E86: 42112 | F86: CC2 | G86: 500 | P86: =SUM(I86:O86) -> 0
A87: 2044 | B87: GENDARME | C87: Jean-Charles | D87: M | E87: 42411 | F87: CC2 | G87: 500 | P87: =SUM(I87:O87) -> 0
A88: 2050 | B88: GLEMET | C88: Lauryn | D88: F | E88: 42384 | F88: CC2 | G88: 500 | P88: =SUM(I88:O88) -> 0
A89: 2068 | B89: GUEDES | C89: Louis | D89: M | E89: 42266 | F89: CC2 | G89: 500 | P89: =SUM(I89:O89) -> 0
A90: 2070 | B90: HAMELIN | C90: Amaury | D90: M | E90: 42261 | F90: CC2 | G90: 500 | P90: =SUM(I90:O90) -> 0
A91: 2040 | B91: HEURLEY | C91: Matéi | D91: M | E91: 42454 | F91: CC2 | G91: 500 | H91: X | I91: 10 | J91: X | P91: =SUM(I91:O91) -> 10
A92: 2010 | B92: HOLLETTE | C92: Hugo | D92: M | E92: 42671 | F92: CC2 | G92: 500 | H92: X | I92: 1 | J92: X | P92: =SUM(I92:O92) -> 1
A93: 2111 | B93: ISENBERG | C93: Lukas | D93: M | E93: 42019 | F93: CC2 | G93: 500 | P93: =SUM(I93:O93) -> 0
A94: 2017 | B94: LAI | C94: Theo | D94: M | E94: 42641 | F94: CC2 | G94: 500 | P94: =SUM(I94:O94) -> 0
A95: 2032 | B95: LALEU | C95: Alexis | D95: M | E95: 42499 | F95: CC2 | G95: 500 | H95: X | I95: 2 | J95: X | P95: =SUM(I95:O95) -> 2
A96: 2076 | B96: LAMARQUE FABREGAS | C96: Maël | D96: M | E96: 42230 | F96: CC2 | G96: 500 | P96: =SUM(I96:O96) -> 0
A97: 2064 | B97: LECOINTRE | C97: Logan | D97: M | E97: 42290 | F97: CC2 | G97: 500 | P97: =SUM(I97:O97) -> 0
A98: 2088 | B98: LECUYER | C98: Axel | D98: M | E98: 42163 | F98: CC2 | G98: 500 | P98: =SUM(I98:O98) -> 0
A99: 2056 | B99: LEROY PAYET | C99: Hugo | D99: M | E99: 42350 | F99: CC2 | G99: 500 | H99: X | I99: 1 | J99: X | P99: =SUM(I99:O99) -> 1
A100: 2030 | B100: MANCEAU | C100: Jules | D100: M | E100: 42526 | F100: CC2 | G100: 500 | H100: X | I100: 2 | J100: X | P100: =SUM(I100:O100) -> 2
A101: 2061 | B101: NIOGRET | C101: Côme | D101: M | E101: 42322 | F101: CC2 | G101: 500 | P101: =SUM(I101:O101) -> 0
A102: 2003 | B102: PAYSAN | C102: Andy | D102: M | E102: 42719 | F102: CC2 | G102: 500 | H102: X | I102: 1 | J102: X | P102: =SUM(I102:O102) -> 1
...

Sheet Minimes
B1: =Poussins!B1 -> TOURNOI DE LA VALLEE DE CHEVREUSE 2025-2026
B3: MINIMES (-13)
C4: pour differencier vos joueurs | H4: Tour 1 | J4: Tour 2 | L4: Tour 3 | N4: Tour 4
C5: entrer votre code club : | E5: Tout | H5: =Poussins!H5 -> 45991 | J5: =Poussins!J5 -> 46040 | L5: =Poussins!L5 -> 46103 | N5: =Poussins!N5 -> 46180
A7: Dossard | B7: NOM | C7: PRENOM | D7: Sexe | E7: Naiss | F7: Club | G7: Class. | H7: Pr. T1 | I7: Points T1 | J7: Pr. T2 | K7: Points T2 | L7: Pr. T3 | M7: Points T3 | N7: Pr. T4 | O7: Points T4 | P7: TOTAL
A8: 3100 | B8: BRANLE | C8: Benjamin | D8: M | E8: 41694 | F8: API | G8: 500 | P8: =SUM(I8:O8) -> 0
A9: 3101 | B9: BRUGEILLES | C9: Noé | D9: M | E9: 41757 | F9: API | G9: 500 | P9: =SUM(I9:O9) -> 0
A10: 3102 | B10: CATHERIN | C10: Alice | D10: F | E10: 41563 | F10: API | G10: 737 | P10: =SUM(I10:O10) -> 0
A11: 3103 | B11: CATHERIN | C11: Julie | D11: F | E11: 41563 | F11: API | G11: 697 | P11: =SUM(I11:O11) -> 0
A12: 3104 | B12: DECODTS | C12: Amaury | D12: M | E12: 41465 | F12: API | G12: 500 | P12: =SUM(I12:O12) -> 0
A13: 3105 | B13: DESPRIN | C13: Gaetan | D13: M | E13: 41657 | F13: API | G13: 660 | H13: x | I13: 10 | P13: =SUM(I13:O13) -> 10
A14: 3106 | B14: FERNANDES | C14: Eva | D14: F | E14: 41787 | F14: API | G14: 500 | P14: =SUM(I14:O14) -> 0
A15: 3107 | B15: FLAMENT | C15: Emilien | D15: M | E15: 41700 | F15: API | G15: 525 | H15: x | I15: 7 | P15: =SUM(I15:O15) -> 7
A16: 3108 | B16: GAILLY DAUGAS | C16: Quentin | D16: M | E16: 41507 | F16: API | G16: 500 | P16: =SUM(I16:O16) -> 0
A17: 3109 | B17: GARCIA | C17: Simon | D17: M | E17: 41412 | F17: API | G17: 1456 | P17: =SUM(I17:O17) -> 0
A18: 3110 | B18: GOUDEY | C18: Aymeric | D18: M | E18: 41798 | F18: API | G18: 851 | P18: =SUM(I18:O18) -> 0
A19: 3111 | B19: HAIBOU | C19: Darren | D19: M | E19: 41602 | F19: API | G19: 500 | P19: =SUM(I19:O19) -> 0
A20: 3112 | B20: HALPERN | C20: Ciaran | D20: M | E20: 41454 | F20: API | G20: 500 | P20: =SUM(I20:O20) -> 0
A21: 3113 | B21: JOLY | C21: Raphael | D21: M | E21: 41476 | F21: API | G21: 500 | P21: =SUM(I21:O21) -> 0
A22: 3114 | B22: LEBERT | C22: Elliot | D22: M | E22: 41730 | F22: API | G22: 576 | P22: =SUM(I22:O22) -> 0
A23: 3115 | B23: LEGARSON | C23: Valentin | D23: M | E23: 41800 | F23: API | G23: 815 | P23: =SUM(I23:O23) -> 0
A24: 3116 | B24: LEGENDRE | C24: Ben | D24: M | E24: 41963 | F24: API | G24: 500 | P24: =SUM(I24:O24) -> 0
A25: 3117 | B25: LEMAITRE | C25: Eden | D25: M | E25: 41983 | F25: API | G25: 500 | P25: =SUM(I25:O25) -> 0
A26: 3118 | B26: LINARD | C26: Julien | D26: M | E26: 41435 | F26: API | G26: 500 | P26: =SUM(I26:O26) -> 0
A27: 3119 | B27: MARQUES | C27: Fanny | D27: F | E27: 41529 | F27: API | G27: 500 | H27: x | I27: 1 | P27: =SUM(I27:O27) -> 1
A28: 3120 | B28: MELKA | C28: Diego | D28: M | E28: 41431 | F28: API | G28: 500 | P28: =SUM(I28:O28) -> 0
A29: 3121 | B29: PERONNE | C29: Aymeric | D29: M | E29: 41745 | F29: API | G29: 715 | H29: x | I29: 11 | P29: =SUM(I29:O29) -> 11
A30: 3122 | B30: RUHLMANN | C30: Thomas | D30: M | E30: 41375 | F30: API | G30: 512 | P30: =SUM(I30:O30) -> 0
A31: 3123 | B31: SEGRESTAN | C31: Tiago | D31: M | E31: 41509 | F31: API | G31: 500 | P31: =SUM(I31:O31) -> 0
A32: 3124 | B32: SISMEIRO | C32: Célia | D32: F | E32: 41809 | F32: API | G32: 500 | P32: =SUM(I32:O32) -> 0
A33: 3125 | B33: TRICOT | C33: Adrien | D33: M | E33: 41967 | F33: API | G33: 617 | H33: x | I33: 9 | P33: =SUM(I33:O33) -> 9
A34: 3126 | B34: VELLUET | C34: Auxence | D34: M | E34: 41975 | F34: API | G34: 636 | H34: x | I34: 9 | P34: =SUM(I34:O34) -> 9
A35: 3127 | B35: VERGNAUD | C35: Louis | D35: M | E35: 41696 | F35: API | G35: 500 | H35: x | I35: 1 | P35: =SUM(I35:O35) -> 1
A36: 3128 | B36: YANG | C36: Franz | D36: M | E36: 41678 | F36: API | G36: 500 | P36: =SUM(I36:O36) -> 0
A37: 3130 | B37: GUILLEMET | C37: Lohann | D37: M | E37: 41640 | F37: ASM | G37: 500 | P37: =SUM(I37:O37) -> 0
A38: 3131 | B38: minime Marcoussis | C38: ? | D38: M | E38: 41640 | F38: ASM | G38: 500 | P38: =SUM(I38:O38) -> 0
A39: 3037 | B39: CHEN | C39: Iris-Xiya | D39: F | E39: 41718 | F39: ASV | G39: 500 | H39: x | I39: 7 | P39: =SUM(I39:O39) -> 7
A40: 3077 | B40: GOUJON | C40: Alexandre | D40: M | E40: 41292 | F40: ASV | G40: 500 | P40: =SUM(I40:O40) -> 0
A41: 3053 | B41: TIAO | C41: Ethan | D41: M | E41: 41540 | F41: ASV | G41: 500 | P41: =SUM(I41:O41) -> 0
A42: 3041 | B42: ALAUME | C42: LOUISE | D42: F | E42: 41694 | F42: CAO | G42: 500 | H42: x | I42: 1 | P42: =SUM(I42:O42) -> 1
A43: 3022 | B43: BOECKMAN | C43: JULIAN | D43: M | E43: 41834 | F43: CAO | G43: 500 | H43: x | I43: 7 | P43: =SUM(I43:O43) -> 7
A44: 3129 | B44: BOURDEL | C44: Baptiste | D44: M | E44: 41910 | F44: CAO | G44: 532 | H44: x | I44: 8 | P44: =SUM(I44:O44) -> 8
A45: 3013 | B45: BOURDEL | C45: BAPTISTE | D45: M | E45: 41910 | F45: CAO | G45: 500 | P45: =SUM(I45:O45) -> 0
A46: 3058 | B46: GIRARD | C46: ARTHUR | D46: M | E46: 41462 | F46: CAO | G46: 500 | P46: =SUM(I46:O46) -> 0
A47: 3003 | B47: GIRAUD | C47: ADELE | D47: F | E47: 41984 | F47: CAO | G47: 500 | P47: =SUM(I47:O47) -> 0
A48: 3068 | B48: HEZARD | C48: ROBIN | D48: M | E48: 41376 | F48: CAO | G48: 500 | H48: x | I48: 8 | P48: =SUM(I48:O48) -> 8
A49: 3025 | B49: LAURENCIN | C49: THOMAS | D49: M | E49: 41802 | F49: CAO | G49: 500 | P49: =SUM(I49:O49) -> 0
A50: 3023 | B50: LIU | C50: ALEX | D50: M | E50: 41828 | F50: CAO | G50: 500 | H50: x | I50: 3 | P50: =SUM(I50:O50) -> 3
A51: 3064 | B51: NOIRET | C51: ALEXIS | D51: M | E51: 41415 | F51: CAO | G51: 500 | P51: =SUM(I51:O51) -> 0
A52: 3060 | B52: QU | C52: THEO | D52: M | E52: 41435 | F52: CAO | G52: 500 | H52: x | I52: 7 | P52: =SUM(I52:O52) -> 7
A53: 3001 | B53: YVART | C53: GAETAN | D53: M | E53: 41992 | F53: CAO | G53: 500 | P53: =SUM(I53:O53) -> 0
A54: 3050 | B54: AYRAULT | C54: Elio | D54: M | E54: 41607 | F54: CC2 | G54: 500 | H54: x | I54: 8 | P54: =SUM(I54:O54) -> 8
A55: 3036 | B55: AZAMBOURG | C55: Hadrien | D55: M | E55: 41736 | F55: CC2 | G55: 500 | P55: =SUM(I55:O55) -> 0
A56: 3076 | B56: BARBIER | C56: Gabriel | D56: M | E56: 41304 | F56: CC2 | G56: 500 | P56: =SUM(I56:O56) -> 0
A57: 3055 | B57: BIRYUKOV | C57: Aleksandr | D57: M | E57: 41482 | F57: CC2 | G57: 500 | H57: x | I57: 7 | P57: =SUM(I57:O57) -> 7
A58: 3061 | B58: BOSCHET MARECHAL | C58: Jules | D58: M | E58: 41424 | F58: CC2 | G58: 500 | H58: x | I58: 1 | P58: =SUM(I58:O58) -> 1
A59: 3052 | B59: BRETTEVILLE | C59: Timothée | D59: M | E59: 41543 | F59: CC2 | G59: 500 | P59: =SUM(I59:O59) -> 0
A60: 3035 | B60: BRUNI | C60: Charlie | D60: M | E60: 41739 | F60: CC2 | G60: 500 | P60: =SUM(I60:O60) -> 0
A61: 3010 | B61: CARPENTIER | C61: Louis | D61: M | E61: 41935 | F61: CC2 | G61: 500 | H61: x | I61: 8 | P61: =SUM(I61:O61) -> 8
A62: 3043 | B62: CHAPPUIS | C62: Alexandre | D62: M | E62: 41676 | F62: CC2 | G62: 500 | H62: x | I62: 4 | P62: =SUM(I62:O62) -> 4
A63: 3032 | B63: COULIN DEDENON | C63: Kilian | D63: M | E63: 41769 | F63: CC2 | G63: 500 | H63: x | I63: 1 | P63: =SUM(I63:O63) -> 1
A64: 3071 | B64: DARNIEAUD | C64: Florent | D64: M | E64: 41349 | F64: CC2 | G64: 500 | H64: x | I64: 8 | P64: =SUM(I64:O64) -> 8
A65: 3075 | B65: DEPLAIX | C65: Axel | D65: M | E65: 41313 | F65: CC2 | G65: 500 | H65: x | I65: 2 | P65: =SUM(I65:O65) -> 2
A66: 3070 | B66: FICHET | C66: Lysandre | D66: M | E66: 41371 | F66: CC2 | G66: 500 | P66: =SUM(I66:O66) -> 0
A67: 3046 | B67: GALLAND | C67: Christophe | D67: M | E67: 41652 | F67: CC2 | G67: 500 | P67: =SUM(I67:O67) -> 0
A68: 3006 | B68: HUCK | C68: Timothee | D68: M | E68: 41969 | F68: CC2 | G68: 500 | P68: =SUM(I68:O68) -> 0
A69: 3042 | B69: HUGUET MORLET | C69: Maxime | D69: M | E69: 41682 | F69: CC2 | G69: 500 | H69: x | I69: 1 | P69: =SUM(I69:O69) -> 1
A70: 3005 | B70: LALEU | C70: Vadim | D70: M | E70: 41979 | F70: CC2 | G70: 500 | H70: x | I70: 7 | P70: =SUM(I70:O70) -> 7
A71: 3018 | B71: LE ROUX | C71: Lucas | D71: M | E71: 41874 | F71: CC2 | G71: 500 | P71: =SUM(I71:O71) -> 0
A72: 3056 | B72: MAKSIMOVIKJ | C72: Noah | D72: M | E72: 41471 | F72: CC2 | G72: 500 | H72: x | I72: 7 | P72: =SUM(I72:O72) -> 7
A73: 3049 | B73: MAUNAT | C73: Matthias | D73: M | E73: 41650 | F73: CC2 | G73: 500 | P73: =SUM(I73:O73) -> 0
A74: 3015 | B74: PATRON | C74: Valentin | D74: M | E74: 41906 | F74: CC2 | G74: 500 | P74: =SUM(I74:O74) -> 0
A75: 3039 | B75: PAULIK | C75: Adrien | D75: M | E75: 41711 | F75: CC2 | G75: 500 | P75: =SUM(I75:O75) -> 0
A76: 3029 | B76: PETIT | C76: Lilou | D76: F | E76: 41772 | F76: CC2 | G76: 500 | P76: =SUM(I76:O76) -> 0
A77: 3004 | B77: PETTIT | C77: Clément | D77: M | E77: 41984 | F77: CC2 | G77: 500 | P77: =SUM(I77:O77) -> 0
A78: 3047 | B78: RAZAFINDRABE | C78: Tsiry | D78: M | E78: 41652 | F78: CC2 | G78: 500 | P78: =SUM(I78:O78) -> 0
A79: 3065 | B79: SAINT-VENANT | C79: Manech | D79: M | E79: 41404 | F79: CC2 | G79: 500 | H79: x | I79: 1 | P79: =SUM(I79:O79) -> 1
A80: 3000 | B80: SALERNO | C80: Elia | D80: M | E80: 42003 | F80: CC2 | G80: 500 | P80: =SUM(I80:O80) -> 0
A81: 3028 | B81: SEGUIN | C81: Evariste | D81: M | E81: 41773 | F81: CC2 | G81: 619 | H81: x | I81: 10 | P81: =SUM(I81:O81) -> 10
A82: 3062 | B82: STEFANINI | C82: Aubin | D82: M | E82: 41422 | F82: CC2 | G82: 500 | P82: =SUM(I82:O82) -> 0
A83: 3040 | B83: SZYMANSKI | C83: Vadim | D83: M | E83: 41705 | F83: CC2 | G83: 500 | P83: =SUM(I83:O83) -> 0
A84: 3033 | B84: TEUTONICO | C84: Leonardo | D84: M | E84: 41762 | F84: CC2 | G84: 500 | P84: =SUM(I84:O84) -> 0
A85: 3063 | B85: WEISSENBACHER | C85: Jonas | D85: M | E85: 41418 | F85: CC2 | G85: 500 | P85: =SUM(I85:O85) -> 0
A86: 3020 | B86: ZIMMERMANN | C86: Gabriel | D86: M | E86: 41862 | F86: CC2 | G86: 500 | H86: x | I86: 7 | P86: =SUM(I86:O86) -> 7
A87: 3074 | B87: BON | C87: Hugo | D87: M | E87: 41316 | F87: COS | G87: 500 | H87: x | I87: 1 | P87: =SUM(I87:O87) -> 1
A88: 3026 | B88: FUICA TEISSIER | C88: Nicolas | D88: M | E88: 41786 | F88: COS | G88: 500 | P88: =SUM(I88:O88) -> 0
A89: 3059 | B89: KILBINGER THOMAS | C89: Léon | D89: M | E89: 41455 | F89: COS | G89: 500 | P89: =SUM(I89:O89) -> 0
A90: 3073 | B90: ALVES | C90: Liam | D90: M | E90: 41339 | F90: COU | G90: 500 | P90: =SUM(I90:O90) -> 0
A91: 3019 | B91: BERTAUX | C91: Tom | D91: M | E91: 41863 | F91: COU | G91: 500 | P91: =SUM(I91:O91) -> 0
A92: 3014 | B92: D'HUART | C92: Elouann | D92: M | E92: 41908 | F92: COU | G92: 500 | H92: x | I92: 1 | P92: =SUM(I92:O92) -> 1
A93: 3016 | B93: ESSID | C93: Mehdi | D93: M | E93: 41902 | F93: COU | G93: 500 | P93: =SUM(I93:O93) -> 0
A94: 3038 | B94: GELBARD | C94: Timote | D94: M | E94: 41714 | F94: COU | G94: 500 | P94: =SUM(I94:O94) -> 0
A95: 3021 | B95: LAHMAMI | C95: Rayan | D95: M | E95: 41839 | F95: COU | G95: 500 | P95: =SUM(I95:O95) -> 0
A96: 3078 | B96: LOKI | C96: Feillet | D96: M | E96: 41288 | F96: COU | G96: 500 | P96: =SUM(I96:O96) -> 0
A97: 3057 | B97: Corlaix | C97: Alexandre | D97: M | E97: 41466 | F97: TTJ-BUC | G97: 500 | P97: =SUM(I97:O97) -> 0
A98: 3051 | B98: COUVAL | C98: Arthur | D98: M | E98: 41567 | F98: TTJ-BUC | G98: 500 | P98: =SUM(I98:O98) -> 0
A99: 3045 | B99: FAICHE | C99: Selma | D99: F | E99: 41657 | F99: TTJ-BUC | G99: 500 | P99: =SUM(I99:O99) -> 0
A100: 3008 | B100: FAVORSKIY | C100: Arthur | D100: M | E100: 41953 | F100: TTJ-BUC | G100: 500 | P100: =SUM(I100:O100) -> 0
A101: 3030 | B101: GABET | C101: Valentin | D101: M | E101: 41771 | F101: TTJ-BUC | G101: 500 | P101: =SUM(I101:O101) -> 0
A102: 3054 | B102: HARTMANN | C102: Elian | D102: M | E102: 41533 | F102: TTJ-BUC | G102: 500 | P102: =SUM(I102:O102) -> 0
...

Sheet Cadets-Juniors
B1: =Poussins!B1 -> TOURNOI DE LA VALLEE DE CHEVREUSE 2025-2026
B3: CADETS-JUNIORS (-15 et -18)
C4: pour differencier vos joueurs | H4: Tour 1 | J4: Tour 2 | L4: Tour 3 | N4: Tour 4
C5: entrer votre code club : | E5: Tout | H5: =Poussins!H5 -> 45991 | J5: =Poussins!J5 -> 46040 | L5: =Poussins!L5 -> 46103 | N5: =Poussins!N5 -> 46180
A7: Dossard | B7: NOM | C7: PRENOM | D7: Sexe | E7: Naiss | F7: Club | G7: Class. | H7: Pr. T1 | I7: Points T1 | J7: Pr. T2 | K7: Points T2 | L7: Pr. T3 | M7: Points T3 | N7: Pr. T4 | O7: Points T4 | P7: TOTAL
A8: 4070 | B8: BELLIL NASCIET | C8: Nora | D8: F | E8: 41002 | F8: API | G8: 500 | P8: =SUM(I8:O8) -> 0
A9: 4071 | B9: CAUSSE | C9: Axel | D9: M | E9: 41263 | F9: API | G9: 500 | H9: x | I9: 7 | P9: =SUM(I9:O9) -> 7
A10: 4072 | B10: CORDE | C10: Jules | D10: M | E10: 40870 | F10: API | G10: 1134 | P10: =SUM(I10:O10) -> 0
A11: 4083 | B11: CORTES | C11: Nathan | D11: M | E11: 40269 | F11: API | G11: 500 | P11: =SUM(I11:O11) -> 0
A12: 4073 | B12: DESPRIN | C12: Lya | D12: F | E12: 40922 | F12: API | G12: 500 | P12: =SUM(I12:O12) -> 0
A13: 4074 | B13: GAJECKI | C13: Justin | D13: M | E13: 41104 | F13: API | G13: 940 | P13: =SUM(I13:O13) -> 0
A14: 4075 | B14: GALTIER | C14: Ethan | D14: M | E14: 41123 | F14: API | G14: 500 | P14: =SUM(I14:O14) -> 0
A15: 4084 | B15: GENIAUT | C15: Rémi | D15: M | E15: 40165 | F15: API | G15: 500 | P15: =SUM(I15:O15) -> 0
A16: 4076 | B16: GIRAUD | C16: Jules | D16: M | E16: 40694 | F16: API | G16: 500 | P16: =SUM(I16:O16) -> 0
A17: 4085 | B17: GOUDEY | C17: Aurélien | D17: M | E17: 40485 | F17: API | G17: 983 | P17: =SUM(I17:O17) -> 0
A18: 4077 | B18: HLAVACEK | C18: Oscar | D18: M | E18: 40932 | F18: API | G18: 1036 | P18: =SUM(I18:O18) -> 0
A19: 4078 | B19: HLAVACEK | C19: Timothée | D19: M | E19: 40932 | F19: API | G19: 726 | P19: =SUM(I19:O19) -> 0
A20: 4086 | B20: IACOUCCI | C20: Benjamin | D20: M | E20: 39194 | F20: API | G20: 1054 | P20: =SUM(I20:O20) -> 0
A21: 4079 | B21: LACAZE | C21: Adrien | D21: M | E21: 41258 | F21: API | G21: 840 | P21: =SUM(I21:O21) -> 0
... A25: 4081 | B25: MANCELLE HIMIDI | C25: Inaya | D25: F | E25: 41135 | F25: API | G25: 785 | P25: =SUM(I25:O25) -> 0
A26: 4089 | B26: MICHEL | C26: Paul | D26: M | E26: 40048 | F26: API | G26: 610 | H26: x | I26: 8 | P26: =SUM(I26:O26) -> 8
A27: 4082 | B27: REFAIT | C27: Lilian | D27: M | E27: 40909 | F27: API | G27: 500 | P27: =SUM(I27:O27) -> 0
A28: 4090 | B28: ROSSI JURBERT | C28: Corentin | D28: M | E28: 39896 | F28: API | G28: 1146 | H28: x | I28: 13 | P28: =SUM(I28:O28) -> 13
A29: 4091 | B29: ROYER VARNAT | C29: Landry | D29: M | E29: 40207 | F29: API | G29: 967 | P29: =SUM(I29:O29) -> 0
A30: 4092 | B30: VIALLET | C30: Mathéo | D30: M | E30: 40501 | F30: API | G30: 500 | P30: =SUM(I30:O30) -> 0
A31: 4095 | B31: BAUDOU | C31: Ilyan | D31: M | E31: 40909 | F31: ASM | G31: 500 | H31: x | I31: 2 | P31: =SUM(I31:O31) -> 2
A32: 4093 | B32: PIGENET | C32: Raphaël | D32: M | E32: 40544 | F32: ASM | G32: 500 | H32: x | I32: 8 | P32: =SUM(I32:O32) -> 8
A33: 4096 | B33: MERCUZOT KEIZER | C33: Alban | D33: M | E33: 40544 | F33: ASM | G33: 500 | H33: x | I33: 1 | P33: =SUM(I33:O33) -> 1
A34: 4094 | B34: THEZE | C34: Axel | D34: M | E34: 40544 | F34: ASM | G34: 500 | H34: x | I34: 3 | P34: =SUM(I34:O34) -> 3
A35: 4019 | B35: PESCHEUX-URRUTIA | C35: Sacha | D35: M | E35: 40958 | F35: ASV | G35: 822 | P35: =SUM(I35:O35) -> 0
A36: 4017 | B36: TEOFILO | C36: Gabriel | D36: M | E36: 40991 | F36: ASV | G36: 500 | H36: x | I36: 3 | P36: =SUM(I36:O36) -> 3
A37: 4012 | B37: VOISIN | C37: Isaac | D37: M | E37: 41158 | F37: ASV | G37: 500 | H37: x | I37: 1 | P37: =SUM(I37:O37) -> 1
A38: 4024 | B38: BALIGAND | C38: CORENTIN | D38: M | E38: 40861 | F38: CAO | G38: 647 | H38: x | I38: 8 | P38: =SUM(I38:O38) -> 8
A39: 4032 | B39: CAILLERIE | C39: MARIE | D39: F | E39: 40711 | F39: CAO | G39: 500 | P39: =SUM(I39:O39) -> 0
A40: 4021 | B40: CANARD | C40: LAURA | D40: F | E40: 40897 | F40: CAO | G40: 500 | P40: =SUM(I40:O40) -> 0
A41: 4018 | B41: GEISEN | C41: JEREMIE | D41: M | E41: 40958 | F41: CAO | G41: 500 | P41: =SUM(I41:O41) -> 0
A42: 4020 | B42: LARONZE | C42: TRISTAN | D42: M | E42: 40905 | F42: CAO | G42: 500 | P42: =SUM(I42:O42) -> 0
A43: 4009 | B43: LAVERRE | C43: ARTHUR | D43: M | E43: 41185 | F43: CAO | G43: 500 | P43: =SUM(I43:O43) -> 0
A44: 4013 | B44: LEROY | C44: ABEL | D44: M | E44: 41157 | F44: CAO | G44: 619 | H44: x | I44: 7 | P44: =SUM(I44:O44) -> 7
A45: 4043 | B45: MIREBEAU | C45: NATHANAËL | D45: M | E45: 40428 | F45: CAO | G45: 500 | P45: =SUM(I45:O45) -> 0
A46: 4040 | B46: NGUYEN | C46: TAM | D46: M | E46: 40551 | F46: CAO | G46: 500 | P46: =SUM(I46:O46) -> 0
A47: 4000 | B47: PUYRIGAUD MARIE | C47: LUCAS | D47: M | E47: 41273 | F47: CAO | G47: 500 | P47: =SUM(I47:O47) -> 0
A48: 4025 | B48: WILLEKENS SERVY | C48: LIVIA | D48: F | E48: 40861 | F48: CAO | G48: 500 | P48: =SUM(I48:O48) -> 0
A49: 4029 | B49: XAYGNABOUN-MOUNIER | C49: QUENTIN | D49: M | E49: 40763 | F49: CAO | G49: 514 | H49: x | I49: 8 | P49: =SUM(I49:O49) -> 8
A50: 4001 | B50: BIÉLANDE | C50: Emmy | D50: F | E50: 41272 | F50: CC2 | G50: 500 | P50: =SUM(I50:O50) -> 0
A51: 4022 | B51: DRAY | C51: Luca | D51: M | E51: 40870 | F51: CC2 | G51: 500 | H51: x | I51: 2 | P51: =SUM(I51:O51) -> 2
A52: 4005 | B52: GUENARD LAMBERT | C52: Thomas | D52: M | E52: 41202 | F52: CC2 | G52: 500 | P52: =SUM(I52:O52) -> 0
A53: 4049 | B53: HAFFRAY | C53: Killian | D53: M | E53: 40011 | F53: CC2 | G53: 769 | P53: =SUM(I53:O53) -> 0
A54: 4003 | B54: HERMANT GANDON | C54: Louis | D54: M | E54: 41243 | F54: CC2 | G54: 500 | H54: x | I54: 4 | P54: =SUM(I54:O54) -> 4
A55: 4026 | B55: HORTENSIA PERE | C55: Keliam | D55: M | E55: 40859 | F55: CC2 | G55: 500 | P55: =SUM(I55:O55) -> 0
A56: 4011 | B56: ISENBERG | C56: Franziska | D56: F | E56: 41161 | F56: CC2 | G56: 501 | P56: =SUM(I56:O56) -> 0
A57: 4030 | B57: KERGUILLEC | C57: Nohann | D57: M | E57: 40756 | F57: CC2 | G57: 502 | H57: x | I57: 8 | P57: =SUM(I57:O57) -> 8
A58: 4006 | B58: LAI | C58: Laurent | D58: M | E58: 41202 | F58: CC2 | G58: 503 | P58: =SUM(I58:O58) -> 0
A59: 4047 | B59: LAUNAY | C59: Eliott | D59: M | E59: 40069 | F59: CC2 | G59: 504 | H59: x | I59: 10 | P59: =SUM(I59:O59) -> 10
A60: 4027 | B60: MADRANGES | C60: Gary | D60: M | E60: 40815 | F60: CC2 | G60: 505 | P60: =SUM(I60:O60) -> 0
A61: 4035 | B61: NIEL | C61: Mathéo | D61: M | E61: 40677 | F61: CC2 | G61: 506 | H61: x | I61: 3 | P61: =SUM(I61:O61) -> 3
A62: 4041 | B62: POHIER | C62: Alexis | D62: M | E62: 40522 | F62: CC2 | G62: 507 | P62: =SUM(I62:O62) -> 0
A63: 4016 | B63: READ KOSZUL | C63: Abel | D63: M | E63: 41009 | F63: CC2 | G63: 508 | P63: =SUM(I63:O63) -> 0
A64: 4014 | B64: TARISSE | C64: Louka | D64: M | E64: 41117 | F64: CC2 | G64: 509 | P64: =SUM(I64:O64) -> 0
A65: 4048 | B65: TARISSE | C65: Mateo | D65: M | E65: 40050 | F65: CC2 | G65: 510 | P65: =SUM(I65:O65) -> 0
A66: 4008 | B66: TRAN QUOC | C66: Valentin | D66: M | E66: 41191 | F66: CC2 | G66: 511 | H66: x | I66: 4 | P66: =SUM(I66:O66) -> 4
A67: 4044 | B67: VANZO | C67: Antony | D67: M | E67: 40378 | F67: CC2 | G67: 512 | P67: =SUM(I67:O67) -> 0
A68: 4036 | B68: WANG | C68: Yoann | D68: M | E68: 40654 | F68: CC2 | G68: 513 | P68: =SUM(I68:O68) -> 0
A69: 4046 | B69: WERTHLE | C69: Nicolas | D69: M | E69: 40154 | F69: CC2 | G69: 514 | H69: x | I69: 10 | P69: =SUM(I69:O69) -> 10
A70: 4038 | B70: BITAN | C70: Laura | D70: F | E70: 40602 | F70: COS | G70: 515 | P70: =SUM(I70:O70) -> 0
A71: 4004 | B71: BOLLIG | C71: Lucas | D71: M | E71: 41205 | F71: COU | G71: 516 | P71: =SUM(I71:O71) -> 0
A72: 4031 | B72: D'HUART | C72: Gaetan | D72: M | E72: 40713 | F72: COU | G72: 517 | P72: =SUM(I72:O72) -> 0
A73: 4050 | B73: MELKUMYAN | C73: Erik | D73: M | E73: 39191 | F73: COU | G73: 518 | P73: =SUM(I73:O73) -> 0
A74: 4028 | B74: MORIN | C74: Lucas | D74: M | E74: 40783 | F74: COU | G74: 519 | P74: =SUM(I74:O74) -> 0
A75: 4002 | B75: REVERDY | C75: Olwen | D75: F | E75: 41269 | F75: COU | G75: 520 | P75: =SUM(I75:O75) -> 0
A76: 4045 | B76: VERGINE NASTASE | C76: Yoan | D76: M | E76: 40290 | F76: COU | G76: 521 | P76: =SUM(I76:O76) -> 0
A77: 4042 | B77: BONNISSEAU | C77: Tanguy | D77: M | E77: 40495 | F77: TTJ-BUC | G77: 522 | P77: =SUM(I77:O77) -> 0
A78: 4033 | B78: FRANCOIS | C78: Nathanaël | D78: M | E78: 40701 | F78: TTJ-BUC | G78: 523 | H78: x | I78: 2 | P78: =SUM(I78:O78) -> 2
A79: 4039 | B79: LISCIA | C79: Mathéo | D79: M | E79: 40593 | F79: TTJ-BUC | G79: 524 | P79: =SUM(I79:O79) -> 0
A80: 4010 | B80: Maoui | C80: Leonardo | D80: M | E80: 41176 | F80: TTJ-BUC | G80: 525 | P80: =SUM(I80:O80) -> 0
A81: 4037 | B81: Souriau | C81: Maxime | D81: M | E81: 40610 | F81: TTJ-BUC | G81: 526 | P81: =SUM(I81:O81) -> 0
A82: 4007 | B82: TRAVAILLARD | C82: Martin | D82: M | E82: 41197 | F82: TTJ-BUC | G82: 527 | P82: =SUM(I82:O82) -> 0
A83: 4015 | B83: BEREZIAT | C83: Zachary | D83: M | E83: 41009 | F83: USBY | G83: 528 | P83: =SUM(I83:O83) -> 0
A84: 4023 | B84: DALLERAC | C84: Caelan | D84: M | E84: 40865 | F84: USBY | G84: 529 | H84: x | I84: 9 | P84: =SUM(I84:O84) -> 9
A85: 4034 | B85: LE SAUZE | C85: Paul | D85: M | E85: 40686 | F85: USBY | G85: 530 | H85: x | I85: 11 | P85: =SUM(I85:O85) -> 11
A86: 4065 | B86: Alcide | C86: Ethan | D86: M | E86: 41032 | F86: USP | G86: 531 | H86: x | I86: 1 | P86: =SUM(I86:O86) -> 1
A87: 4063 | B87: Andrieux | C87: Leelouane | D87: F | E87: 40917 | F87: USP | G87: 532 | H87: x | I87: 8 | P87: =SUM(I87:O87) -> 8
A88: 4066 | B88: Bhatti | C88: Moussa | D88: M | E88: 41118 | F88: USP | G88: 533 | P88: =SUM(I88:O88) -> 0
A89: 4062 | B89: Fuhrmann | C89: Eva | D89: F | E89: 40738 | F89: USP | G89: 534 | H89: x | I89: 7 | P89: =SUM(I89:O89) -> 7
A90: 4068 | B90: Peyronnet | C90: Noé | D90: M | E90: 40624 | F90: USP | G90: 535 | P90: =SUM(I90:O90) -> 0 | S90: Nés en 2011 et 2012 :
A91: 4069 | B91: Poulain Emond | C91: Loa | D91: F | E91: 39279 | F91: USP | G91: 536 | H91: x | I91: 8 | P91: =SUM(I91:O91) -> 8 | S91: THEZE Axel
A92: 4064 | B92: Toukali | C92: Imran | D92: M | E92: 41207 | F92: USP | G92: 537 | P92: =SUM(I92:O92) -> 0 | S92: BAUDOU Ilyan
A93: 4067 | B93: Waast Crous | C93: Baptiste | D93: M | E93: 41084 | F93: USP | G93: 538 | H93: x | I93: 9 | P93: =SUM(I93:O93) -> 9
A94: 4051 | B94: BERENBACH | C94: Fabian | D94: M | E94: 41267 | F94: VAU | G94: 539 | H94: x | I94: 2 | P94: =SUM(I94:O94) -> 2
A95: 4052 | B95: BOSC-VIRTON | C95: Milan | D95: M | E95: 41088 | F95: VAU | G95: 540 | P95: =SUM(I95:O95) -> 0
A96: 4053 | B96: DE BAENE | C96: Maxence | D96: M | E96: 40465 | F96: VAU | G96: 541 | P96: =SUM(I96:O96) -> 0
A97: 4054 | B97: GALAND | C97: Adel | D97: M | E97: 41051 | F97: VAU | G97: 542 | H97: x | I97: 9 | P97: =SUM(I97:O97) -> 9
A98: 4055 | B98: GAUTHIER | C98: Mathis | D98: M | E98: 41089 | F98: VAU | G98: 543 | H98: x | I98: 8 | P98: =SUM(I98:O98) -> 8
A99: 4056 | B99: GRAVIER | C99: Ian | D99: M | E99: 40898 | F99: VAU | G99: 544 | H99: x | I99: 3 | P99: =SUM(I99:O99) -> 3
A100: 4057 | B100: JEANDOT | C100: Kilian | D100: M | E100: 40220 | F100: VAU | G100: 545 | P100: =SUM(I100:O100) -> 0
A101: 4058 | B101: LEPRIEUR | C101: Maxence | D101: M | E101: 40112 | F101: VAU | G101: 546 | P101: =SUM(I101:O101) -> 0
A102: 4059 | B102: LEVEQUE | C102: Tobias | D102: M | E102: 41172 | F102: VAU | G102: 547 | P102: =SUM(I102:O102) -> 0
A103: 4060 | B103: MEUNIER | C103: Matten | D103: M | E103: 41037 | F103: VAU | G103: 548 | P103: =SUM(I103:O103) -> 0
A104: 4061 | B104: THOMASSON-MAESTRI | C104: Fanny | D104: F | E104: 40185 | F104: VAU | G104: 549 | P104: =SUM(I104:O104) -> 0
A105: 4097 | B105: STEPHAN | C105: Luca | D105: M | E105: 40479 | F105: TTJ-BUC | G105: 550 | P105: =SUM(I105:O105) -> 0
...

Sheet Feminines
B1: =Poussins!B1 -> TOURNOI DE LA VALLEE DE CHEVREUSE 2025-2026
B3: FEMININES (toutes catégories)
C4: pour differencier vos joueurs | H4: Tour 1 | J4: Tour 2 | L4: Tour 3 | N4: Tour 4
C5: entrer votre code club : | E5: Tout | H5: =Poussins!H5 -> 45991 | J5: =Poussins!J5 -> 46040 | L5: =Poussins!L5 -> 46103 | N5: =Poussins!N5 -> 46180
A7: Dossard | B7: NOM | C7: PRENOM | D7: Sexe | E7: Naiss | F7: Club | G7: Class. | H7: Pr. T1 | I7: Points T1 | J7: Pr. T2 | K7: Points T2 | L7: Pr. T3 | M7: Points T3 | N7: Pr. T4 | O7: Points T4 | P7: TOTAL
A8: 1070 | B8: ALINE | C8: Calie | D8: F | E8: 43191 | F8: API | G8: 500 | P8: =SUM(I8:O8) -> 0
A9: 4070 | B9: BELLIL NASCIET | C9: Nora | D9: F | E9: 41002 | F9: API | G9: 500 | P9: =SUM(I9:O9) -> 0
A10: 2145 | B10: BRAULT | C10: Auxane | D10: F | E10: 42096 | F10: API | G10: 678 | P10: =SUM(I10:O10) -> 0
A11: 3102 | B11: CATHERIN | C11: Alice | D11: F | E11: 41563 | F11: API | G11: 737 | P11: =SUM(I11:O11) -> 0
A12: 3103 | B12: CATHERIN | C12: Julie | D12: F | E12: 41563 | F12: API | G12: 697 | P12: =SUM(I12:O12) -> 0
A13: 1075 | B13: DELETRE | C13: Nessia | D13: F | E13: 42845 | F13: API | G13: 500 | P13: =SUM(I13:O13) -> 0
A14: 2153 | B14: DELTHEIL | C14: Ombeline | D14: F | E14: 42185 | F14: API | G14: 500 | P14: =SUM(I14:O14) -> 0
A15: 4073 | B15: DESPRIN | C15: Lya | D15: F | E15: 40922 | F15: API | G15: 500 | P15: =SUM(I15:O15) -> 0
A16: 3106 | B16: FERNANDES | C16: Eva | D16: F | E16: 41787 | F16: API | G16: 500 | P16: =SUM(I16:O16) -> 0
A17: 4087 | B17: LEBAS | C17: Emma | D17: F | E17: 39874 | F17: API | G17: 500 | P17: =SUM(I17:O17) -> 0
A18: 1081 | B18: LEBAS | C18: Lucie | D18: F | E18: 43081 | F18: API | G18: 500 | P18: =SUM(I18:O18) -> 0
A19: 4081 | B19: MANCELLE HIMIDI | C19: Inaya | D19: F | E19: 41135 | F19: API | G19: 785 | P19: =SUM(I19:O19) -> 0
A20: 3119 | B20: MARQUES | C20: Fanny | D20: F | E20: 41529 | F20: API | G20: 500 | H20: x | I20: 7 | P20: =SUM(I20:O20) -> 7
A21: 2171 | B21: N'SONGAN | C21: Lya | D21: F | E21: 42697 | F21: API | G21: 500 | P21: =SUM(I21:O21) -> 0
A22: 2174 | B22: ROSSI JURBERT | C22: Noelie | D22: F | E22: 42288 | F22: API | G22: 500 | H22: x | I22: 5 | P22: =SUM(I22:O22) -> 5
A23: 3124 | B23: SISMEIRO | C23: Célia | D23: F | E23: 41809 | F23: API | G23: 500 | P23: =SUM(I23:O23) -> 0
A24: 2177 | B24: ZENIA | C24: Karen | D24: F | E24: 42406 | F24: API | G24: 500 | P24: =SUM(I24:O24) -> 0
F25: ASM | P25: =SUM(I25:O25) -> 0
A26: 3037 | B26: CHEN | C26: Iris-Xiya | D26: F | E26: 41718 | F26: ASV | G26: 500 | H26: x | I26: 5 | P26: =SUM(I26:O26) -> 5
A27: 1018 | B27: DELAYE MOCQUARD | C27: Evangeline | D27: F | E27: 43293 | F27: ASV | G27: 500 | P27: =SUM(I27:O27) -> 0
A28: 3041 | B28: ALAUME | C28: LOUISE | D28: F | E28: 41694 | F28: CAO | G28: 500 | H28: x | I28: 2 | P28: =SUM(I28:O28) -> 2
A29: 4032 | B29: CAILLERIE | C29: MARIE | D29: F | E29: 40711 | F29: CAO | G29: 500 | P29: =SUM(I29:O29) -> 0
A30: 4021 | B30: CANARD | C30: LAURA | D30: F | E30: 40897 | F30: CAO | G30: 500 | P30: =SUM(I30:O30) -> 0
A31: 2101 | B31: FOURMY | C31: ALIX | D31: F | E31: 42069 | F31: CAO | G31: 500 | P31: =SUM(I31:O31) -> 0
A32: 3003 | B32: GIRAUD | C32: ADELE | D32: F | E32: 41984 | F32: CAO | G32: 500 | P32: =SUM(I32:O32) -> 0
A33: 1058 | B33: LANDRAGIN | C33: AMELIE | D33: F | E33: 42820 | F33: CAO | G33: 500 | P33: =SUM(I33:O33) -> 0
A34: 4025 | B34: WILLEKENS SERVY | C34: LIVIA | D34: F | E34: 40861 | F34: CAO | G34: 500 | P34: =SUM(I34:O34) -> 0
A35: 1000 | B35: BESSON DRUI | C35: Salomé | D35: F | E35: 44506 | F35: CC2 | G35: 500 | P35: =SUM(I35:O35) -> 0
A36: 4001 | B36: BIÉLANDE | C36: Emmy | D36: F | E36: 41272 | F36: CC2 | G36: 500 | H36: x | I36: 6 | P36: =SUM(I36:O36) -> 6
A37: 2050 | B37: GLEMET | C37: Lauryn | D37: F | E37: 42384 | F37: CC2 | G37: 500 | P37: =SUM(I37:O37) -> 0
A38: 1006 | B38: GROSJEAN | C38: Jade | D38: F | E38: 43694 | F38: CC2 | G38: 500 | P38: =SUM(I38:O38) -> 0
A39: 4011 | B39: ISENBERG | C39: Franziska | D39: F | E39: 41161 | F39: CC2 | G39: 500 | P39: =SUM(I39:O39) -> 0
A40: 1003 | B40: LALEU | C40: Alicia | D40: F | E40: 43962 | F40: CC2 | G40: 500 | P40: =SUM(I40:O40) -> 0
A41: 3029 | B41: PETIT | C41: Lilou | D41: F | E41: 41772 | F41: CC2 | G41: 500 | P41: =SUM(I41:O41) -> 0
A42: 1008 | B42: RETHO | C42: Lucie | D42: F | E42: 43645 | F42: CC2 | G42: 500 | P42: =SUM(I42:O42) -> 0
A43: 1002 | B43: ZHAO | C43: Emy | D43: F | E43: 43983 | F43: CC2 | G43: 500 | P43: =SUM(I43:O43) -> 0
A44: 1025 | B44: ZHAO | C44: Mia | D44: F | E44: 43226 | F44: CC2 | G44: 500 | P44: =SUM(I44:O44) -> 0
A45: 4038 | B45: BITAN | C45: Laura | D45: F | E45: 40602 | F45: COS | G45: 500 | H45: x | I45: 3 | P45: =SUM(I45:O45) -> 3
A46: 1014 | B46: PAEZ | C46: Elena | D46: F | E46: 43409 | F46: COU | G46: 500 | P46: =SUM(I46:O46) -> 0
A47: 4002 | B47: REVERDY | C47: Olwen | D47: F | E47: 41269 | F47: COU | G47: 500 | P47: =SUM(I47:O47) -> 0
A48: 1033 | B48: WAQAQ | C48: Ayesha | D48: F | E48: 43120 | F48: COU | G48: 500 | P48: =SUM(I48:O48) -> 0
A49: 2012 | B49: Aubert | C49: Lucie | D49: F | E49: 42666 | F49: TTJ-BUC | G49: 500 | P49: =SUM(I49:O49) -> 0
A50: 2042 | B50: CADERE ROEHRIG | C50: Emma | D50: F | E50: 42416 | F50: TTJ-BUC | G50: 500 | P50: =SUM(I50:O50) -> 0
A51: 2024 | B51: Dumas | C51: Camille | D51: F | E51: 42568 | F51: TTJ-BUC | G51: 500 | P51: =SUM(I51:O51) -> 0
A52: 3045 | B52: FAICHE | C52: Selma | D52: F | E52: 41657 | F52: TTJ-BUC | G52: 500 | P52: =SUM(I52:O52) -> 0
A53: 1032 | B53: Jourdan | C53: Amandine | D53: F | E53: 43121 | F53: TTJ-BUC | G53: 500 | P53: =SUM(I53:O53) -> 0
A54: 1029 | B54: Lefevre | C54: Leen | D54: F | E54: 43181 | F54: TTJ-BUC | G54: 500 | P54: =SUM(I54:O54) -> 0
A55: 1005 | B55: Paret | C55: Sophie | D55: F | E55: 43818 | F55: TTJ-BUC | G55: 500 | P55: =SUM(I55:O55) -> 0
A56: 2000 | B56: Peres | C56: Chloé | D56: F | E56: 42731 | F56: TTJ-BUC | G56: 500 | P56: =SUM(I56:O56) -> 0
A57: 3024 | B57: PERRIER DARGENT | C57: Flora | D57: F | E57: 41828 | F57: TTJ-BUC | G57: 500 | P57: =SUM(I57:O57) -> 0
A58: 1052 | B58: Rigaud | C58: Eva | D58: F | E58: 42878 | F58: TTJ-BUC | G58: 500 | P58: =SUM(I58:O58) -> 0
A59: 1038 | B59: LAMPE | C59: Iris | D59: F | E59: 43086 | F59: USBY | G59: 500 | P59: =SUM(I59:O59) -> 0
A60: 3096 | B60: Andrieux | C60: Laora | D60: F | E60: 41620 | F60: USP | G60: 575 | P60: =SUM(I60:O60) -> 0
A61: 4063 | B61: Andrieux | C61: Leelouane | D61: F | E61: 40917 | F61: USP | G61: 500 | H61: x | I61: 9 | P61: =SUM(I61:O61) -> 9
A62: 4062 | B62: Fuhrmann | C62: Eva | D62: F | E62: 40738 | F62: USP | G62: 500 | H62: x | I62: 5 | P62: =SUM(I62:O62) -> 5
A63: 4069 | B63: Poulain Emond | C63: Loa | D63: F | E63: 39279 | F63: USP | G63: 500 | H63: x | I63: 6 | P63: =SUM(I63:O63) -> 6
A64: 2126 | B64: MACQUIGNEAU | C64: Lena | D64: F | E64: 42371 | F64: VAU | G64: 500 | P64: =SUM(I64:O64) -> 0
A65: 2127 | B65: PELETIER | C65: Lilia | D65: F | E65: 42411 | F65: VAU | G65: 500 | P65: =SUM(I65:O65) -> 0
A66: 1067 | B66: RIEL LEGROS | C66: Letty | D66: F | E66: 43332 | F66: VAU | G66: 500 | P66: =SUM(I66:O66) -> 0
A67: 4061 | B67: THOMASSON-MAESTRI | C67: Fanny | D67: F | E67: 40185 | F67: VAU | G67: 500 | P67: =SUM(I67:O67) -> 0
P68: =SUM(I68:O68) -> 0
P69: =SUM(I69:O69) -> 0
P70: =SUM(I70:O70) -> 0
P71: =SUM(I71:O71) -> 0
P72: =SUM(I72:O72) -> 0
P73: =SUM(I73:O73) -> 0
P74: =SUM(I74:O74) -> 0
P75: =SUM(I75:O75) -> 0
P76: =SUM(I76:O76) -> 0
P77: =SUM(I77:O77) -> 0
P78: =SUM(I78:O78) -> 0
P79: =SUM(I79:O79) -> 0
... P98: =SUM(I98:O98) -> 0
G99: NB DE PARTICIPANTS | H99: =COUNTA(H8:H98) -> 9 | J99: =COUNTA(J8:J98) -> 0 | L99: =COUNTA(L8:L98) -> 0 | N99: =COUNTA(N8:N98) -> 0 | P99: =COUNTIF(P8:P98,">0") -> 9

Sheet LISTTOUS
A1: Dossard | B1: NOM | C1: PRENOM | D1: Sexe | E1: Naiss | F1: Club
A2: 1000 | B2: ABBADI | C2: Neil | D2: M | E2: 42911 | F2: USP
A3: 2000 | B3: ACQUART | C3: LILIAN | D3: M | E3: 42181 | F3: CAO
A4: 3000 | B4: ACREMANN | C4: Gabriel | D4: M | E4: 2013 | F4: USP
A5: 2001 | B5: ADOUE | C5: Théo | D5: M | E5: 41973 | F5: VAU
A6: 2002 | B6: AGUIAR | C6: Nuno | D6: M | E6: 42334 | F6: COU
A7: 1001 | B7: AKGUL-TERRIER | C7: Evan | D7: M | E7: 2016 | F7: USP
A8: 2003 | B8: AKGUL-TERRIER | C8: Matéo | D8: M | E8: 2015 | F8: USP
A9: 2004 | B9: ALAUME | C9: LOUISE | D9: F | E9: 41694 | F9: CAO
A10: 3001 | B10: ALAUZET | C10: LUCA | D10: M | E10: 41586 | F10: TTJ-BUC
A11: 1002 | B11: ALINE | C11: Calie | D11: F | E11: 43191 | F11: API
A12: 1003 | B12: ALINE | C12: Milan | D12: M | E12: 44075 | F12: API
A13: 3002 | B13: ALVES | C13: Liam | D13: M | E13: 41339 | F13: COU
... A19: 3006 | B19: ANOKHIN | C19: Franck | D19: M | E19: 2012 | F19: USP
A20: 4000 | B20: ARCHAMBAUD | C20: Laura | D20: F | E20: 38929 | F20: CC2 | H20: 3166 | I20: Dos Santos | J20: Rafael | K20: H | L20: 41415 | M20: ASM TT | N20: Non Classé
A21: 4001 | B21: AREVALO | C21: Mathias | D21: M | E21: 2008 | F21: USP | H21: 3167 | I21: BAUDOU | J21: Ilyan | K21: H | L21: 41143 | M21: ASM TT | N21: Non Classé
A22: 2211 | B22: ARIS | C22: Amayas | D22: M | E22: 42103 | F22: CC2
A23: 2005 | B23: ARJOUNIN | C23: LIAM | D23: M | E23: 42258 | F23: COU
A24: 3007 | B24: ARJOUNIN | C24: NOAH | D24: M | E24: 41220 | F24: COU
A25: 4002 | B25: ARTUS | C25: Clément | D25: M | E25: 40237 | F25: USP | H25: 4140 | I25: Enzo | J25: LEMOULT | K25: H | L25: 40634 | M25: ASM TT | N25: Non Classé
A26: 4003 | B26: AUBERGER | C26: Julien | D26: M | E26: 39313 | F26: TTJ-BUC
A27: 1006 | B27: AUBERT GUENIA | C27: Lucie | D27: F | E27: 42666 | F27: TTJ-BUC
A28: 2006 | B28: AUBRY | C28: GABRIEL | D28: M | E28: 41940 | F28: CAO
A29: 1007 | B29: AUDE | C29: Jules | D29: M | E29: 42629 | F29: TTJ-BUC
A30: 2007 | B30: AUDE | C30: Paul | D30: M | E30: 41744 | F30: TTJ-BUC
A31: 3008 | B31: AUGUSTE | C31: David | D31: M | E31: 2013 | F31: USP
A32: 3009 | B32: AUXOUX | C32: Sacha | D32: M | E32: 40989 | F32: TTJ-BUC
A33: 2009 | B33: AYADI | C33: Elyes | D33: M | E33: 2015 | F33: USP
A34: 3010 | B34: AYRAULT | C34: Elio | D34: M | E34: 41607 | F34: CC2
A35: 1008 | B35: AYRAULT | C35: Mathéïs | D35: M | E35: 43182 | F35: CC2
A36: 2010 | B36: AZAMBOURG | C36: Hadrien | D36: M | E36: 41736 | F36: CC2
A37: 2011 | B37: BABAUD | C37: Sévan | D37: M | E37: 41865 | F37: COU
... A56: 1011 | B56: BELKHICHANE | C56: Ilian | D56: M | E56: 42580 | F56: TTJ-BUC
A57: 2015 | B57: BELLAHOUEL | C57: Sophia | D57: F | E57: 14/10/2014 | F57: ASV
A58: 1012 | B58: BELLIER | C58: Léo | D58: M | E58: 04/12/2017 | F58: ASV
A59: 3017 | B59: BELLIL NASCIET | C59: Nora | D59: F | E59: 41002 | F59: API
A60: 1013 | B60: BEN ABDALLAH | C60: Jude | E60: 43743 | F60: TTJ-BUC
A61: 2008 | B61: BEN GHORBAL | C61: Mohamed Awess | D61: M | E61: 41693 | F61: API
A62: 3018 | B62: BENAISSA | C62: Elias | D62: M | E62: 41607 | F62: CC2
A63: 2016 | B63: BENFDILA | C63: Amir | D63: M | E63: 41739 | F63: API
A64: 2017 | B64: BENOIT | C64: VALENTIN | D64: M | E64: 41747 | F64: CAO
A65: 2018 | B65: BENTEGHEROUIT | C65: Adam | D65: M | E65: 42326 | F65: API
A66: 3160 | B66: BEREZIAT | C66: Zachary | D66: M | E66: 40949 | F66: USBY
A67: 3019 | B67: BERNUCHON | C67: Nathan | D67: M | E67: 41562 | F67: ASM
A68: 2019 | B68: BERTAUX | C68: Tom | D68: M | E68: 41863 | F68: COU
A69: 1014 | B69: BERTON MACIA | C69: Gabriel | D69: M | E69: 10/10/2016 | F69: ASV
A70: 3020 | B70: BETORED | C70: Maxim | D70: M | E70: 30/09/2013 | F70: ASV
A71: 2020 | B71: BEYER | C71: Clothilde | D71: F | E71: 42119 | F71: CC2
A72: 2021 | B72: BHATTI | C72: Issa | D72: M | E72: 41783 | F72: USP
A73: 3021 | B73: BHATTI | C73: Moussa | D73: M | E73: 41118 | F73: USP
A74: 1071 | B74: BICHON | C74: Joseph | D74: M | E74: 08/01/2016 | F74: TTJ-BUC
A75: 4010 | B75: BIENVENU | C75: Anatole | D75: M | E75: 2009 | F75: USP
A76: 3022 | B76: BIRYUKOV | C76: Aleksandr | D76: M | E76: 41482 | F76: CC2
A77: 4011 | B77: BITAN | C77: Laura | D77: F | E77: 40602 | F77: API
A78: 1015 | B78: BITTOUN | C78: Thomas | D78: M | E78: 2018 | F78: USP
A79: 3023 | B79: BLANLUET | C79: Constance | D79: F | E79: 41283 | F79: CC2
A80: 2205 | B80: BOECKMANN | C80: Julian | E80: 41834 | F80: CAO
A81: 2022 | B81: BOENTE MENARD | C81: Gaspard | D81: M | E81: 42048 | F81: USP
A82: 3024 | B82: BOIZETTE | C82: Edgar | D82: M | E82: 41351 | F82: TTJ-BUC
A83: 4012 | B83: BOLLENGIER | C83: Louis | D83: M | E83: 39085 | F83: TTJ-BUC
A84: 1016 | B84: BORDY-LACHEZE | C84: Elie | D84: M | E84: 2018 | F84: USP
A85: 1017 | B85: BORDY-LACHEZE | C85: Samuel | D85: M | E85: 2018 | F85: USP
A86: 1018 | B86: BOREL | C86: Rose | D86: F | E86: 42620 | F86: TTJ-BUC
A87: 4013 | B87: BORY | C87: Mathis | D87: M | E87: 40560 | F87: TTJ-BUC
A88: 3025 | B88: BOSCHET MARECHAL | C88: Jules | D88: M | E88: 41424 | F88: CC2
A89: 4014 | B89: BOUBILE-LALUCQ | C89: Samuel | D89: M | E89: 2008 | F89: USP
A90: 4015 | B90: BOUCHET | C90: Etienne | D90: M | E90: 2011 | F90: USP
A91: 3026 | B91: BOULILA | C91: Mohamed | D91: M | E91: 41103 | F91: API
A92: 2023 | B92: BOURDEL | C92: BAPTISTE | D92: M | E92: 41910 | F92: CAO
... A97: 1019 | B97: BOVET | C97: Adrien | D97: M | E97: 43886 | F97: CC2
A98: 2207 | B98: BOYER | C98: Noam | E98: 41992 | F98: ASV
A99: 2025 | B99: BRAULT | C99: Auxane | D99: F | E99: 42096 | F99: API
A100: 3028 | B100: BRETTEVILLE | C100: Timothee | D100: M | E100: 41543 | F100: CC2
A101: 4019 | B101: BROCQ | C101: Julien | D101: M | E101: 40123 | F101: TTJ-BUC
A102: 4020 | B102: BROUARD | C102: Alexandre | D102: M | E102: 40466 | F102: VAU
A103: 4021 | B103: BROUARD | C103: Kristen | D103: F | E103: 39281 | F103: VAU
A104: 2026 | B104: BROUILLON | C104: Shanèsia | D104: F | E104: 2014 | F104: USP
A105: 2027 | B105: BRUGEILLES | C105: Noé | D105: M | E105: 41757 | F105: API
A106: 2028 | B106: BRUNI | C106: Charlie | D106: M | E106: 41739 | F106: CC2
A107: 2029 | B107: BUGUET | C107: Adryan | D107: M | E107: 42265 | F107: API
A108: 4022 | B108: BULFAY-TAVARES | C108: MAXIME | D108: M | E108: 40743 | F108: USBY
A109: 2030 | B109: BUSSIERE | C109: Maxime | D109: M | E109: 2014 | F109: USP
A110: 1020 | B110: BUTAUD | C110: Victor | D110: M | E110: 42653 | F110: CC2
... A117: 2124 | B117: CAUD | C117: Naël | D117: M | E117: 41773 | F117: USBY
A118: 3032 | B118: CAZAUBON | C118: Théo | D118: M | E118: 23/09/2012 | F118: ASV
A119: 1021 | B119: CELMA CHAPOT | C119: Nattan | D119: M | E119: 43176 | F119: API
A120: 3033 | B120: CHANAL | C120: Joseph | D120: M | E120: 2012 | F120: USP
A121: 3034 | B121: CHANTREAU | C121: Baptiste | D121: M | E121: 2013 | F121: USP
A122: 2032 | B122: CHAPPERT | C122: William | D122: M | E122: 42239 | F122: USP
A123: 2033 | B123: CHAPPUIS | C123: Alexandre | D123: M | E123: 41676 | F123: CC2
A124: 2034 | B124: CHARLÈS | C124: Loan | D124: M | E124: 41683 | F124: CC2
A125: 4025 | B125: CHARMILLON | C125: Timothée | D125: M | E125: 2011 | F125: USP
A126: 4026 | B126: CHARROUD | C126: Ivan | D126: M | E126: 40331 | F126: API
A127: 1022 | B127: CHAUVIN | C127: Marceau | D127: M | E127: 42876 | F127: TTJ-BUC
A128: 1023 | B128: CHAVEPEYER | C128: Mako | D128: F | E128: 44097 | F128: TTJ-BUC
A129: 1024 | B129: CHAVEPEYER | C129: Niko | D129: F | E129: 42481 | F129: TTJ-BUC
A130: 2035 | B130: CHEN | C130: Alexandre | D130: M | E130: 2014 | F130: USP
A131: 2036 | B131: CHEN | C131: Iris-Xiya | D131: F | E131: 20/03/2014 | F131: ASV
A132: 3035 | B132: CHIKH | C132: Racim | D132: M | E132: 41522 | F132: COU
A133: 3036 | B133: CHIKI | C133: Nayel | D133: M | E133: 41561 | F133: CC2
...

Sheet LISTFEMININES
A1: Dossard | B1: NOM | C1: PRENOM | D1: Sexe | E1: Naiss | F1: Club
A2: 1002 | B2: ALINE | C2: Calie | D2: F | E2: 43191 | F2: API
A3: 1006 | B3: AUBERT GUENIA | C3: Lucie | D3: F | E3: 42666 | F3: TTJ-BUC
A4: 1018 | B4: BOREL | C4: Rose | D4: F | E4: 42620 | F4: TTJ-BUC
A5: 1023 | B5: CHAVEPEYER | C5: Mako | D5: F | E5: 44097 | F5: TTJ-BUC
A6: 1024 | B6: CHAVEPEYER | C6: Niko | D6: F | E6: 42481 | F6: TTJ-BUC
A7: 1029 | B7: DELETRE | C7: Nessia | D7: F | E7: 42845 | F7: API
A8: 1032 | B8: DILLARD | C8: Charlotte | D8: F | E8: 43780 | F8: TTJ-BUC
A9: 1038 | B9: DUMAS-BELEYRIAN | C9: Margot | D9: F | E9: 43592 | F9: TTJ-BUC
A10: 1044 | B10: EL KHARRATE | C10: Sonia | D10: F | E10: 42430 | F10: API
A11: 1046 | B11: FACON | C11: Valentine | D11: F | E11: 42540 | F11: API
A12: 1054 | B12: GELBARD | C12: Cassandre | D12: F | E12: 42873 | F12: COU
A13: 1058 | B13: GLEMET | C13: Lauryn | D13: F | E13: 42384 | F13: CC2
... A33: 2004 | B33: ALAUME | C33: LOUISE | D33: F | E33: 41694 | F33: CAO
A34: 2015 | B34: BELLAHOUEL | C34: Sophia | D34: F | E34: 14/10/2014 | F34: ASV
A35: 2020 | B35: BEYER | C35: Clothilde | D35: F | E35: 42119 | F35: CC2
A36: 2025 | B36: BRAULT | C36: Auxane | D36: F | E36: 42096 | F36: API
A37: 2026 | B37: BROUILLON | C37: Shanèsia | D37: F | E37: 2014 | F37: USP
A38: 2036 | B38: CHEN | C38: Iris-Xiya | D38: F | E38: 20/03/2014 | F38: ASV
A39: 2037 | B39: CONSTANT | C39: Camille | D39: F | E39: 2014 | F39: USP
A40: 2039 | B40: CORREIA | C40: EMMY | D40: F | E40: 41816 | F40: CAO
A41: 2045 | B41: DELTHEIL | C41: Ombeline | D41: F | E41: 42185 | F41: API
A42: 2055 | B42: DUJARRIER MOY | C42: Elsa | D42: F | E42: 41807 | F42: USP
A43: 2059 | B43: FAICHE | C43: Selma | D43: F | E43: 41657 | F43: TTJ-BUC
A44: 2064 | B44: FERREIRA GALVAO | C44: Capucine | D44: F | E44: 41910 | F44: API
A45: 2091 | B45: HATRY COHEN | C45: Camille | D45: F | E45: 2014 | F45: USP
A46: 2110 | B46: LEBOURGEOIS | C46: Aliénor | D46: F | E46: 2014 | F46: USP
A47: 2125 | B47: MARQUEZ BERGE | C47: Victoria | D47: F | E47: 41697 | F47: TTJ-BUC
A48: 2132 | B48: MUKUYU-KAYA | C48: Héliana | D48: F | E48: 08/09/2015 | F48: ASV
A49: 2139 | B49: PARET | C49: Sophie | D49: F | E49: 42357 | F49: TTJ-BUC
A50: 2144 | B50: PETIT | C50: Lilou | D50: F | E50: 41772 | F50: CC2
A51: 2148 | B51: PIRES GAMBIEZ | C51: Carla | D51: F | E51: 26/02/2014 | F51: ASV
A52: 2161 | B52: RIOU BONTE | C52: Isayah | D52: F | E52: 42306 | F52: ASV
A53: 2165 | B53: ROSSI JURBERT | C53: Noelie | D53: F | E53: 42288 | F53: API
A54: 2173 | B54: SCHAEFFER | C54: Léna | D54: F | E54: 41657 | F54: TTJ-BUC
A55: 2180 | B55: SISMEIRO | C55: Célia | D55: F | E55: 41809 | F55: API
A56: 2186 | B56: TOUHIER SYLVES | C56: Alicia | D56: F | E56: 2015 | F56: USP
A57: 2195 | B57: VIGNAUD | C57: Léa | D57: F | E57: 41881 | F57: COU
A58: 3004 | B58: ANDRIEUX | C58: Laora | D58: F | E58: 41620 | F58: USP
A59: 3005 | B59: ANDRIEUX | C59: Leelouane | D59: F | E59: 40917 | F59: USP
A60: 3012 | B60: BARBAR | C60: Jeanne | D60: F | E60: 41484 | F60: CC2
A61: 3017 | B61: BELLIL NASCIET | C61: Nora | D61: F | E61: 41002 | F61: API
A62: 3023 | B62: BLANLUET | C62: Constance | D62: F | E62: 41283 | F62: CC2
A63: 3030 | B63: CATHERIN | C63: Alice | D63: F | E63: 41563 | F63: API
... A93: 4136 | B93: WEYER | C93: Hanaé | D93: F | E93: 40216 | F93: API

Sheet TCD
A1: =Poussins!B1 -> TOURNOI DE LA VALLEE DE CHEVREUSE 2025-2026
A2: Distribution des Points
C3: Benjamins | J3: Minimes | P3: Poussins
B5: Tour | I5: Tour | Q5: Tour
A6: Club | B6: Points T1 | C6: Points T2 | D6: Points T3 | E6: Points T4 | F6: Total général | H6: Club | I6: Points T1 | J6: Points T2 | K6: Points T3 | L6: Points T4 | M6: Total général | O6: Club | P6: Points T1 | Q6: Points T2 | R6: Points T3 | S6: Points T4 | T6: Total général
A7: API | B7: 160 | H7: API | I7: 49 | O7: API | P7: 46
A8: ASM | H8: ASM | O8: ASM
A9: ASV | B9: 29 | H9: ASV | I9: 14 | O9: ASV | P9: 16
A10: VAU | B10: 22 | H10: VAU | I10: 27 | O10: VAU
A11: CAO | B11: 24 | H11: CAO | I11: 43 | O11: CAO | P11: 9
A12: CC2 | B12: 68 | H12: CC2 | I12: 72 | O12: CC2 | P12: 3
A13: COS | B13: 8 | H13: COS | I13: 1 | O13: COS | P13: 1
A14: COU | B14: 35 | H14: COU | I14: 1 | O14: COU | P14: 17
A15: TTJ-BUC | B15: 26 | H15: TTJ-BUC | I15: 31 | O15: TTJ-BUC | P15: 25
A16: USBY | B16: 73 | H16: USBY | I16: 28 | O16: USBY | P16: 5
A17: USP | B17: 77 | H17: USP | I17: 35 | O17: USP | P17: 20
A18: Total général | H18: Total général | O18: Total général
C21: Feminine | J21: Cadet/junior
B23: Tour | I23: Tour
A24: Club | B24: Points T1 | C24: Points T2 | D24: Points T3 | E24: Points T4 | F24: Total général | H24: Club | I24: Points T1 | J24: Points T2 | K24: Points T3 | L24: Points T4 | M24: Total général
A25: API | B25: 12 | H25: API | I25: 28
A26: ASM | H26: ASM | I26: 18
A27: ASV | B27: 5 | H27: ASV | I27: 4
A28: VAU | H28: VAU | I28: 22
A29: CAO | B29: 2 | H29: CAO | I29: 23
A30: CC2 | B30: 6 | H30: CC2 | I30: 41
A31: COS | B31: 3 | H31: COS
A32: COU | H32: COU
A33: TTJ-BUC | H33: TTJ-BUC | I33: 11
A34: USBY | H34: USBY | I34: 31
A35: USP | B35: 20 | H35: USP | I35: 37
A36: Total général | H36: Total général
A40: Distribution Participation
C41: Benjamins | J41: Minimes | P41: Poussins
B43: Tour | I43: Tour | Q43: Tour
A44: Club | B44: Tour 1 | C44: Tour 2 | D44: Tour 3 | E44: Tour 4 | F44: Total général | H44: Club | I44: Tour 1 | J44: Tour 2 | K44: Tour 3 | L44: Tour 4 | M44: Total général | O44: Club | P44: Tour 1 | Q44: Tour 2 | R44: Tour 3 | S44: Tour 4 | T44: Total général
A45: API | B45: 23 | H45: API | I45: 8 | O45: API | P45: 9
A46: ASM | H46: ASM | O46: ASM
A47: ASV | B47: 5 | H47: ASV | I47: 2 | O47: ASV | P47: 4
A48: VAU | B48: 4 | H48: VAU | I48: 6 | O48: VAU
A49: CAO | B49: 5 | H49: CAO | I49: 8 | O49: CAO | P49: 1
A50: CC2 | B50: 15 | H50: CC2 | I50: 14 | O50: CC2 | P50: 2
A51: COS | B51: 1 | H51: COS | I51: 1 | O51: COS | P51: 1
A52: COU | B52: 10 | H52: COU | I52: 1 | O52: COU | P52: 5
A53: TTJ-BUC | B53: 5 | H53: TTJ-BUC | I53: 8 | O53: TTJ-BUC | P53: 3
A54: USBY | B54: 9 | H54: USBY | I54: 6 | O54: USBY | P54: 2
A55: USP | B55: 9 | H55: USP | I55: 4 | O55: USP | P55: 3
A56: Total général | B56: =SUM(B45:B55) -> 86 | C56: =SUM(C45:C55) -> 0 | D56: =SUM(D45:D55) -> 0 | E56: =SUM(E45:E55) -> 0 | H56: Total général | I56: =SUM(I45:I55) -> 58 | J56: =SUM(J45:J55) -> 0 | K56: =SUM(K45:K55) -> 0 | L56: =SUM(L45:L55) -> 0 | O56: Total général | P56: =SUM(P45:P55) -> 30 | Q56: =SUM(Q45:Q55) -> 0 | R56: =SUM(R45:R55) -> 0 | S56: =SUM(S45:S55) -> 0
C60: Feminine | J60: Cadet/junior
B62: Tour | I62: Tour
A63: Club | B63: Tour 1 | C63: Tour 2 | D63: Tour 3 | E63: Tour 4 | F63: Total général | H63: Club | I63: Tour 1 | J63: Tour 2 | K63: Tour 3 | L63: Tour 4 | M63: Total général
A64: API | B64: 2 | H64: API | I64: 3
A65: ASM | H65: ASM | I65: 5
A66: ASV | B66: 1 | H66: ASV | I66: 2
A67: VAU | H67: VAU | I67: 4
A68: CAO | B68: 1 | H68: CAO | I68: 3
A69: CC2 | B69: 1 | H69: CC2 | I69: 7
A70: COS | B70: 1 | H70: COS
A71: COU | H71: COU
A72: TTJ-BUC | H72: TTJ-BUC | I72: 2
A73: USBY | H73: USBY | I73: 5
A74: USP | B74: 3 | H74: USP | I74: 6
A75: Total général | B75: =SUM(B64:B74) -> 9 | C75: =SUM(C64:C74) -> 0 | D75: =SUM(D64:D74) -> 0 | E75: =SUM(E64:E74) -> 0 | H75: Total général | I75: =SUM(I64:I74) -> 37 | J75: =SUM(J64:J74) -> 0 | K75: =SUM(K64:K74) -> 0 | L75: =SUM(L64:L74) -> 0
A78: TOTAL-CLUBS
B80: 1er Tour | H80: 2nd Tour | N80: 3ème Tour | T80: 4ème Tour
B81: =Benjamins!G80 -> 500 | H81: =Benjamins!I80 -> 0 | N81: =Benjamins!K80 -> 0 | T81: =Benjamins!M80 -> 0
B82: POUS. | C82: BENJ. | D82: MINI. | E82: CAD.- JUNIO. | F82: FEM. | G82: TOTAL | H82: POUS. | I82: BENJ. | J82: MINI. | K82: CAD.- JUNIO. | L82: FEM. | M82: TOTAL | N82: POUS. | O82: BENJ. | P82: MINI. | Q82: CAD.- JUNIO. | R82: FEM. | S82: TOTAL | T82: POUS. | U82: BENJ. | V82: MINI. | W82: CAD.- JUNIO. | X82: FEM. | Y82: TOTAL | Z82: TOTAL CUMUL
A83: API | B83: =P7 -> 46 | C83: =B7 -> 160 | D83: =I7 -> 49 | E83: =I25 -> 28 | F83: =B25 -> 12 | G83: =SUM(B83:F83) -> 295 | H83: =#REF! -> #REF! | I83: =#REF! -> #REF! | J83: =#REF! -> #REF! | K83: =#REF! -> #REF! | L83: =#REF! -> #REF! | M83: =SUM(H83:L83) -> #REF! | N83: =#REF! -> #REF! | O83: =#REF! -> #REF! | P83: =#REF! -> #REF! | Q83: =#REF! -> #REF! | R83: =#REF! -> #REF! | S83: =SUM(N83:R83) -> #REF! | T83: =#REF! -> #REF! | U83: =#REF! -> #REF! | V83: =#REF! -> #REF! | W83: =#REF! -> #REF! | X83: =#REF! -> #REF! | Y83: =SUM(T83:X83) -> #REF! | Z83: =SUM(G83,M83,S83,Y83) -> #REF!
A84: ASM | B84: =P8 -> 0 | C84: =B8 -> 0 | D84: =I8 -> 0 | E84: =I26 -> 18 | F84: =B26 -> 0 | G84: =SUM(B84:F84) -> 18 | H84: =#REF! -> #REF! | I84: =#REF! -> #REF! | J84: =#REF! -> #REF! | K84: =#REF! -> #REF! | L84: =#REF! -> #REF! | M84: =SUM(H84:L84) -> #REF! | N84: =#REF! -> #REF! | O84: =#REF! -> #REF! | P84: =#REF! -> #REF! | Q84: =#REF! -> #REF! | R84: =#REF! -> #REF! | S84: =SUM(N84:R84) -> #REF! | T84: =#REF! -> #REF! | U84: =#REF! -> #REF! | V84: =#REF! -> #REF! | W84: =#REF! -> #REF! | X84: =#REF! -> #REF! | Y84: =SUM(T84:X84) -> #REF! | Z84: =SUM(G84,M84,S84,Y84) -> #REF!
A85: ASV | B85: =P9 -> 16 | C85: =B9 -> 29 | D85: =I9 -> 14 | E85: =I27 -> 4 | F85: =B27 -> 5 | G85: =SUM(B85:F85) -> 68 | H85: =#REF! -> #REF! | I85: =#REF! -> #REF! | J85: =#REF! -> #REF! | K85: =#REF! -> #REF! | L85: =#REF! -> #REF! | M85: =SUM(H85:L85) -> #REF! | N85: =#REF! -> #REF! | O85: =#REF! -> #REF! | P85: =#REF! -> #REF! | Q85: =#REF! -> #REF! | R85: =#REF! -> #REF! | S85: =SUM(N85:R85) -> #REF! | T85: =#REF! -> #REF! | U85: =#REF! -> #REF! | V85: =#REF! -> #REF! | W85: =#REF! -> #REF! | X85: =#REF! -> #REF! | Y85: =SUM(T85:X85) -> #REF! | Z85: =SUM(G85,M85,S85,Y85) -> #REF!
A86: VAU | B86: =P10 -> 0 | C86: =B10 -> 22 | D86: =I10 -> 27 | E86: =I28 -> 22 | F86: =B28 -> 0 | G86: =SUM(B86:F86) -> 71 | H86: =#REF! -> #REF! | I86: =#REF! -> #REF! | J86: =#REF! -> #REF! | K86: =#REF! -> #REF! | L86: =#REF! -> #REF! | M86: =SUM(H86:L86) -> #REF! | N86: =#REF! -> #REF! | O86: =#REF! -> #REF! | P86: =#REF! -> #REF! | Q86: =#REF! -> #REF! | R86: =#REF! -> #REF! | S86: =SUM(N86:R86) -> #REF! | T86: =#REF! -> #REF! | U86: =#REF! -> #REF! | V86: =#REF! -> #REF! | W86: =#REF! -> #REF! | X86: =#REF! -> #REF! | Y86: =SUM(T86:X86) -> #REF! | Z86: =SUM(G86,M86,S86,Y86) -> #REF!
A87: CAO | B87: =P11 -> 9 | C87: =B11 -> 24 | D87: =I11 -> 43 | E87: =I29 -> 23 | F87: =B29 -> 2 | G87: =SUM(B87:F87) -> 101 | H87: =#REF! -> #REF! | I87: =#REF! -> #REF! | J87: =#REF! -> #REF! | K87: =#REF! -> #REF! | L87: =#REF! -> #REF! | M87: =SUM(H87:L87) -> #REF! | N87: =#REF! -> #REF! | O87: =#REF! -> #REF! | P87: =#REF! -> #REF! | Q87: =#REF! -> #REF! | R87: =#REF! -> #REF! | S87: =SUM(N87:R87) -> #REF! | T87: =#REF! -> #REF! | U87: =#REF! -> #REF! | V87: =#REF! -> #REF! | W87: =#REF! -> #REF! | X87: =#REF! -> #REF! | Y87: =SUM(T87:X87) -> #REF! | Z87: =SUM(G87,M87,S87,Y87) -> #REF!
A88: CC2 | B88: =P12 -> 3 | C88: =B12 -> 68 | D88: =I12 -> 72 | E88: =I30 -> 41 | F88: =B30 -> 6 | G88: =SUM(B88:F88) -> 190 | H88: =#REF! -> #REF! | I88: =#REF! -> #REF! | J88: =#REF! -> #REF! | K88: =#REF! -> #REF! | L88: =#REF! -> #REF! | M88: =SUM(H88:L88) -> #REF! | N88: =#REF! -> #REF! | O88: =#REF! -> #REF! | P88: =#REF! -> #REF! | Q88: =#REF! -> #REF! | R88: =#REF! -> #REF! | S88: =SUM(N88:R88) -> #REF! | T88: =#REF! -> #REF! | U88: =#REF! -> #REF! | V88: =#REF! -> #REF! | W88: =#REF! -> #REF! | X88: =#REF! -> #REF! | Y88: =SUM(T88:X88) -> #REF! | Z88: =SUM(G88,M88,S88,Y88) -> #REF!
A89: COS | B89: =P13 -> 1 | C89: =B13 -> 8 | D89: =I13 -> 1 | E89: =I31 -> 0 | F89: =B31 -> 3 | G89: =SUM(B89:F89) -> 13 | H89: =#REF! -> #REF! | I89: =#REF! -> #REF! | J89: =#REF! -> #REF! | K89: =#REF! -> #REF! | L89: =#REF! -> #REF! | M89: =SUM(H89:L89) -> #REF! | N89: =#REF! -> #REF! | O89: =#REF! -> #REF! | P89: =#REF! -> #REF! | Q89: =#REF! -> #REF! | R89: =#REF! -> #REF! | S89: =SUM(N89:R89) -> #REF! | T89: =#REF! -> #REF! | U89: =#REF! -> #REF! | V89: =#REF! -> #REF! | W89: =#REF! -> #REF! | X89: =#REF! -> #REF! | Y89: =SUM(T89:X89) -> #REF! | Z89: =SUM(G89,M89,S89,Y89) -> #REF!
A90: COU | B90: =P14 -> 17 | C90: =B14 -> 35 | D90: =I14 -> 1 | E90: =I32 -> 0 | F90: =B32 -> 0 | G90: =SUM(B90:F90) -> 53 | H90: =#REF! -> #REF! | I90: =#REF! -> #REF! | J90: =#REF! -> #REF! | K90: =#REF! -> #REF! | L90: =#REF! -> #REF! | M90: =SUM(H90:L90) -> #REF! | N90: =#REF! -> #REF! | O90: =#REF! -> #REF! | P90: =#REF! -> #REF! | Q90: =#REF! -> #REF! | R90: =#REF! -> #REF! | S90: =SUM(N90:R90) -> #REF! | T90: =#REF! -> #REF! | U90: =#REF! -> #REF! | V90: =#REF! -> #REF! | W90: =#REF! -> #REF! | X90: =#REF! -> #REF! | Y90: =SUM(T90:X90) -> #REF! | Z90: =SUM(G90,M90,S90,Y90) -> #REF!
A91: TTJ-BUC | B91: =P15 -> 25 | C91: =B15 -> 26 | D91: =I15 -> 31 | E91: =I33 -> 11 | F91: =B33 -> 0 | G91: =SUM(B91:F91) -> 93 | H91: =#REF! -> #REF! | I91: =#REF! -> #REF! | J91: =#REF! -> #REF! | K91: =#REF! -> #REF! | L91: =#REF! -> #REF! | M91: =SUM(H91:L91) -> #REF! | N91: =#REF! -> #REF! | O91: =#REF! -> #REF! | P91: =#REF! -> #REF! | Q91: =#REF! -> #REF! | R91: =#REF! -> #REF! | S91: =SUM(N91:R91) -> #REF! | T91: =#REF! -> #REF! | U91: =#REF! -> #REF! | V91: =#REF! -> #REF! | W91: =#REF! -> #REF! | X91: =#REF! -> #REF! | Y91: =SUM(T91:X91) -> #REF! | Z91: =SUM(G91,M91,S91,Y91) -> #REF!
A92: USBY | B92: =P16 -> 5 | C92: =B16 -> 73 | D92: =I16 -> 28 | E92: =I34 -> 31 | F92: =B34 -> 0 | G92: =SUM(B92:F92) -> 137 | H92: =#REF! -> #REF! | I92: =#REF! -> #REF! | J92: =#REF! -> #REF! | K92: =#REF! -> #REF! | L92: =#REF! -> #REF! | M92: =SUM(H92:L92) -> #REF! | N92: =#REF! -> #REF! | O92: =#REF! -> #REF! | P92: =#REF! -> #REF! | Q92: =#REF! -> #REF! | R92: =#REF! -> #REF! | S92: =SUM(N92:R92) -> #REF! | T92: =#REF! -> #REF! | U92: =#REF! -> #REF! | V92: =#REF! -> #REF! | W92: =#REF! -> #REF! | X92: =#REF! -> #REF! | Y92: =SUM(T92:X92) -> #REF! | Z92: =SUM(G92,M92,S92,Y92) -> #REF!
A93: USP | B93: =P17 -> 20 | C93: =B17 -> 77 | D93: =I17 -> 35 | E93: =I35 -> 37 | F93: =B35 -> 20 | G93: =SUM(B93:F93) -> 189 | H93: =#REF! -> #REF! | I93: =#REF! -> #REF! | J93: =#REF! -> #REF! | K93: =#REF! -> #REF! | L93: =#REF! -> #REF! | M93: =SUM(H93:L93) -> #REF! | N93: =#REF! -> #REF! | O93: =#REF! -> #REF! | P93: =#REF! -> #REF! | Q93: =#REF! -> #REF! | R93: =#REF! -> #REF! | S93: =SUM(N93:R93) -> #REF! | T93: =#REF! -> #REF! | U93: =#REF! -> #REF! | V93: =#REF! -> #REF! | W93: =#REF! -> #REF! | X93: =#REF! -> #REF! | Y93: =SUM(T93:X93) -> #REF! | Z93: =SUM(G93,M93,S93,Y93) -> #REF!
A96: Plus jeune joueur présent à l’issue du tour 1 | E96: BEAUJOT | F96: Jean | G96: CC2 | H96: 43818
A97: Plus jeune joueuse présente à l’issue du tour 1 | E97: DELAYE MOCQUARD | F97: Evangeline | G97: ASV | H97: 43293
